frame,track_id,mu_CV,mu_CA,dominant,nu_CV_norm,nu_CA_norm,L_CV,L_CA,ax,ay,P_trace
2,1,0.646,0.354,CV,11.5571,11.5571,-12.51636245093265,-12.520787953653663,-2.21327,0.63236,202.9376
2,2,0.6466,0.3534,CV,2.3685,2.3685,-8.05608104747362,-8.063075489916729,-0.1606,0.36133,141.2005
2,3,0.6294,0.3706,CV,47.4631,47.4631,-24.106550667696496,-24.03893333281681,10.86333,4.07375,127.2909
2,4,0.6398,0.3602,CV,31.563,31.563,-26.174220010110332,-26.151415840219485,6.37193,2.86307,138.72
2,5,0.6455,0.3545,CV,25.6614,25.6614,-11.740830985581772,-11.743005829257093,5.16989,3.31196,530.7981
2,6,0.6108,0.3892,CV,63.3974,63.3974,-44.663659950342264,-44.51703427811773,-15.72845,-0.98303,113.0253
2,7,0.6177,0.3823,CV,36.064,36.064,-31.52450491029019,-31.407029905331402,8.80151,-1.00112,44.1839
3,1,0.606,0.394,CV,20.5874,20.5225,-18.17360514798851,-18.088536892171952,-16.28393,1.45431,294.2024
3,2,0.6399,0.3601,CV,2.9104,2.8989,-7.144179139909079,-7.2027665828796845,-1.9471,0.80142,197.0029
3,3,0.0288,0.9712,CA,54.4677,54.1582,-64.9077244831902,-60.89923509449535,73.38641,18.60246,307.7558
3,5,0.5209,0.4791,CV,58.5038,58.3453,-19.764288853247656,-19.333257528027865,43.21485,25.12511,851.1885
3,6,0.3352,0.6648,CA,25.5201,25.1101,-19.352882245341576,-18.204746693425776,-42.6301,1.19406,224.866
3,7,0.0028,0.9972,CA,45.391,45.1534,-101.33298204191013,-94.99871167703725,57.28081,-3.92222,110.9716
3,8,0.7,0.3,CV,2.8804,2.8804,-12.558531488035285,-12.558531488035285,0.0,0.0,61.0816
3,9,0.7,0.3,CV,7.3834,7.3834,-10.541341683142697,-10.541341683142697,0.0,0.0,27.9225
4,1,0.3201,0.6799,CA,39.7202,39.1975,-56.38696683974822,-55.17750870173337,-42.13253,13.09062,450.5675
4,2,0.6406,0.3594,CV,5.2615,5.1766,-7.908525349236407,-7.980216921744867,-5.39741,0.60536,235.9802
4,3,0.0749,0.9251,CA,30.5917,28.8927,-22.16152134697448,-20.011392391536333,133.68683,31.42426,453.9436
4,5,0.2195,0.7805,CA,63.7649,61.6199,-22.729747110656916,-21.12877534687162,90.92287,62.91376,1486.6696
4,6,0.0197,0.9803,CA,39.0195,37.2385,-31.009723722712238,-27.03567306271468,-120.51354,2.07922,422.0078
4,7,0.0001,0.9999,CA,42.7054,41.5402,-85.21744234689818,-76.18554588391179,137.4733,-11.52599,165.9709
4,8,0.6329,0.3671,CV,18.0241,18.0241,-57.136137498603574,-57.083750852197745,-9.04756,-0.58581,85.7638
4,9,0.5436,0.4564,CV,31.9318,31.9318,-50.95353137499887,-50.531225661685994,14.98585,-3.939,40.0024
4,11,0.7,0.3,CV,27.0441,27.0441,-37.92970326420018,-37.92970326420018,0.0,0.0,57.7199
5,1,0.0421,0.9579,CA,52.194,50.1835,-41.035727590705406,-37.86372846492794,-115.2328,24.7364,670.7544
5,2,0.6321,0.3679,CV,6.27,6.0053,-11.319879588703168,-11.353757132939148,-6.86887,0.02446,250.6465
5,3,0.0057,0.9943,CA,48.5073,45.2756,-37.81927518260861,-32.94948327257722,255.46907,52.30888,536.0876
5,5,0.1462,0.8538,CA,66.0473,61.716,-20.339818020626804,-18.6675858660894,181.2618,115.18423,2054.9924
5,6,0.1025,0.8975,CA,25.1086,22.5126,-19.12137660684939,-17.328573604040994,-171.01169,0.7252,475.5971
5,7,0.0007,0.9993,CA,61.6542,62.1502,-164.82513551076667,-157.90512388185965,124.11522,93.49484,195.8827
5,8,0.4677,0.5323,CA,27.7678,27.5544,-26.140909355502696,-25.515476080131727,-21.07331,5.72395,159.2872
5,9,0.2072,0.7928,CA,21.3494,20.9305,-28.467722333817253,-26.760763899306568,33.57339,-8.02429,96.989
5,11,0.6214,0.3786,CV,32.8964,32.8964,-43.36572101328292,-43.26387760838794,9.00054,2.12613,85.2343
5,12,0.7,0.3,CV,21.3521,21.3521,-13.159123648273804,-13.159123648273804,0.0,0.0,64.6297
6,1,0.3596,0.6404,CA,11.9581,10.3762,-33.077644740958064,-32.84498660583029,-123.70241,19.77256,665.321
6,2,0.6326,0.3674,CV,3.1351,2.8278,-12.522332505572685,-12.570932028556799,-5.04186,-0.64199,248.1175
6,3,0.4536,0.5464,CA,8.6499,9.5068,-8.146477269848967,-8.357481290668876,245.56052,46.02791,461.0065
6,5,0.2622,0.7378,CA,41.4613,36.7449,-14.128912257844371,-13.290135100799766,221.82728,144.19408,2369.8094
6,6,0.2273,0.7727,CA,14.0261,10.0001,-9.606959407531098,-8.64103586825558,-193.9211,-1.76674,517.4852
6,7,0.6748,0.3252,CV,9.8149,11.8916,-8.495688169019255,-9.630361658868079,106.75622,94.92166,153.6096
6,9,0.0324,0.9676,CA,29.4363,28.211,-32.88342346498481,-29.597962959387104,86.86939,-24.64972,176.692
6,11,0.2684,0.7316,CA,59.2431,58.931,-54.32086316237225,-52.83902031125071,34.03452,9.41945,185.7656
6,12,0.6147,0.3853,CV,27.8674,27.8674,-27.169941758816968,-27.03990173492251,-13.38561,3.11408,89.2394
7,1,0.6259,0.3741,CV,9.5713,12.3178,-49.20455346721073,-49.615496676780474,-72.47002,8.13245,659.6897
7,2,0.6346,0.3654,CV,3.447,3.6016,-10.450341696310414,-10.506986800279389,-2.06731,-0.51964,237.7041
7,3,0.5075,0.4925,CV,11.4712,9.2996,-20.000666737375113,-19.794702433826114,177.44835,37.9538,643.6063
7,5,0.5038,0.4962,CV,22.113,22.1963,-10.773211855967038,-10.821511903891292,180.43327,125.16513,2411.1058
7,6,0.5599,0.4401,CV,1.6825,5.4299,-9.696600713696466,-10.019183189139293,-144.06339,-2.75796,539.7219
7,7,0.5684,0.4316,CV,20.2213,22.4581,-24.809422918344715,-24.525921375460683,-45.02503,-54.03295,239.8011
7,9,0.2976,0.7024,CA,5.998,4.1128,-15.651124910007262,-15.150618470477205,94.65525,-28.05036,192.9903
7,11,0.0575,0.9425,CA,65.1892,63.6988,-62.67510166116968,-59.90274216434126,87.08231,27.9747,368.6813
7,12,0.1806,0.8194,CA,42.3124,41.9413,-47.2052339316963,-45.224114230753706,-47.04551,5.9579,209.0364
8,1,0.6329,0.3671,CV,5.7981,4.914,-55.323813200594486,-55.38285747983683,-45.01445,3.04344,601.3285
8,2,0.6297,0.3703,CV,7.3687,7.4487,-8.764124829607752,-8.796527293085681,0.32411,-0.63119,223.8115
8,3,0.3346,0.6654,CA,36.0238,41.2349,-21.81332734362139,-20.81258676060308,-199.15005,-40.39964,678.2626
8,5,0.505,0.495,CV,40.4565,39.4414,-14.840516091493832,-14.552570664198633,138.72988,84.88482,2245.6137
8,6,0.7165,0.2835,CV,10.5231,13.701,-8.275676480081913,-8.814372597013097,-21.51834,-0.51047,449.9794
8,7,0.1806,0.8194,CA,19.6306,18.3983,-22.536743444305703,-20.62350477733255,-62.20788,-80.53118,255.6869
8,9,0.0001,0.9999,CA,41.5194,38.7222,-58.5840437228817,-49.7599116087608,250.74697,-65.37566,282.1261
8,11,0.0772,0.9228,CA,51.6282,49.4397,-42.49319466463349,-40.334275300751884,145.53132,52.469,532.0021
8,8,0.5,0.5,CA,86.2179,87.0037,-75.90402988580037,-72.79419498410573,51.32418,9.2448,256.4089
8,12,0.0886,0.9114,CA,38.4818,36.8164,-30.06037414501651,-27.87710040318003,-105.72961,11.219,368.6245
9,1,0.6299,0.3701,CV,7.0974,6.4446,-50.8676743559264,-50.90351047035473,-29.7332,0.90046,533.5851
9,2,0.6246,0.3754,CV,3.4186,3.3671,-8.286683792580694,-8.304575589723266,0.63002,-0.46586,210.9687
9,5,0.6375,0.3625,CV,52.0161,56.5003,-17.2346471313643,-17.489896457682352,-61.39915,-48.35683,1953.5459
9,6,0.5481,0.4519,CV,16.8317,17.3746,-14.55002321890646,-14.120597773215831,47.8838,0.93171,347.132
9,7,0.3478,0.6522,CA,17.5811,17.4558,-17.264809936261198,-16.783527361038644,-45.21575,-75.74707,214.8196
9,9,0.0006,0.9994,CA,48.6993,46.9468,-78.19305644463746,-71.11855326048168,298.21178,-130.52662,243.2924
9,11,0.1912,0.8088,CA,26.266,23.1008,-12.982219683523294,-11.834026247001333,175.07871,68.87602,662.4927
9,8,0.6339,0.3661,CV,6.0084,6.695,-49.811930475984525,-50.058525314669765,29.22651,1.37396,273.978
10,1,0.6036,0.3964,CV,8.8723,7.8756,-58.15850800009894,-58.08736639091772,-27.96506,1.35448,463.7211
10,2,0.6228,0.3772,CV,1.7963,1.8243,-9.522868557783877,-9.540526251881301,0.25037,-0.37588,198.3395
10,5,0.5932,0.4068,CV,25.1888,23.6124,-10.957362350787795,-10.831809622073308,-60.4621,-44.34736,1631.908
10,6,0.2893,0.7107,CA,17.67,15.812,-38.79024758868195,-37.51968197215858,79.17934,1.52648,332.6663
10,7,0.4252,0.5748,CA,7.6082,6.216,-25.678439784562496,-25.289986263367204,-42.77324,-75.02531,200.0835
10,9,0.9999,0.0001,CV,42.829,49.3399,-66.34873074104611,-75.59022781522306,127.86317,-72.27739,140.3404
10,11,0.2085,0.7915,CA,23.8602,19.1122,-19.930942629542734,-18.729332938330053,214.09054,88.71397,880.4233
10,8,0.6408,0.3592,CV,8.5539,8.7868,-71.71483111084557,-71.79614122661557,11.58151,-2.7426,213.3681
10,12,0.5,0.5,CA,42.968,39.5054,-32.23046460600714,-29.657263768506255,-183.68383,17.04308,409.4048
10,14,0.7,0.3,CV,21.4516,21.4516,-30.74868217080964,-30.74868217080964,0.0,0.0,52.7213
11,1,0.624,0.376,CV,6.1339,6.0407,-59.86862408003337,-59.922560174751894,-16.96672,0.66833,402.2603
11,2,0.6191,0.3809,CV,8.7374,8.7288,-10.282152642368015,-10.287022537430797,0.72686,-0.49742,184.3379
11,5,0.6014,0.3986,CV,28.3084,27.7148,-12.831292882814632,-12.805372909946964,-40.30878,-29.70361,1542.0267
11,6,0.7008,0.2992,CV,29.5728,32.3899,-19.501910544299136,-20.348264777606897,-46.60783,-1.34161,282.3137
11,7,0.5432,0.4568,CV,3.366,1.7274,-58.95543576187038,-58.93272457769463,-33.32409,-59.12878,185.5084
11,9,0.7498,0.2502,CV,18.1841,18.1848,-71.85060226022622,-71.8497782822665,-0.11007,0.07028,88.9508
11,11,0.4334,0.5666,CA,8.5578,4.2688,-9.382111643360119,-9.222548362835665,197.51595,82.54098,992.0753
11,8,0.5428,0.4572,CV,13.0768,12.6864,-58.40964873929215,-58.07364938888909,15.42484,-3.02451,174.9426
11,14,0.6467,0.3533,CV,5.6908,5.6908,-7.045208887513827,-7.052579271114388,-2.29512,-0.71597,71.7256
11,12,0.7861,0.2139,CV,12.2664,17.6668,-25.615763893071275,-26.61526445437737,29.90125,-5.90742,375.1832
12,1,0.637,0.363,CV,12.962,13.6173,-25.533314528225425,-25.612863773060848,2.41639,-0.77379,347.8014
12,2,0.6189,0.3811,CV,3.171,3.145,-11.948753771868926,-11.958075251940805,0.39536,-0.52296,174.009
12,5,0.6316,0.3684,CV,25.5342,26.7123,-13.945204401864045,-14.03479085914739,-7.19245,-6.11601,1447.809
12,6,0.6718,0.3282,CV,2.6884,3.1077,-6.519154411458029,-6.637114229784466,-19.62353,-0.44558,224.3453
12,7,0.3271,0.6729,CA,31.3837,32.4945,-39.51491256236827,-38.42892916407283,31.02575,34.83393,201.377
12,9,0.6617,0.3383,CV,22.4872,22.487,-45.757752603728775,-45.75449182556613,-0.00494,0.13326,64.3551
12,8,0.5419,0.4581,CV,8.1108,7.5701,-57.055142525543424,-56.85926139477515,15.90372,-3.52364,147.5567
12,14,0.0,1.0,CA,157.6884,157.7511,-494.7738016430964,-475.3266604857322,118.06709,10.99998,182.7852
12,12,0.7084,0.2916,CV,3.8025,3.8091,-12.437791173142152,-12.593725372468786,10.97188,-3.48663,231.1678
12,3,0.5,0.5,CA,50.3532,53.1927,-79.74988579073323,-79.75212134667044,-6.2401,3.98254,681.321
13,1,0.5577,0.4423,CV,30.9704,31.1188,-65.98085328605869,-65.71075398971182,-15.22038,0.37555,314.9169
13,2,0.6183,0.3817,CV,5.3044,5.294,-11.43620568499846,-11.44350380754102,0.56147,-0.35125,167.7655
13,6,0.4516,0.5484,CA,18.2162,17.7338,-32.57363609425084,-31.825176287610105,-37.43971,-1.25163,192.6027
13,7,0.0504,0.9496,CA,36.5237,35.5204,-101.9765715312156,-98.98222933242296,67.38146,68.94502,197.6607
13,9,0.6237,0.3763,CV,17.5425,17.5388,-54.37426240639256,-54.34059052505756,-0.3354,0.42816,51.984
13,8,0.5841,0.4159,CV,3.8339,3.4735,-33.28759231359272,-33.26464747554239,11.93751,-3.08676,130.4864
13,14,0.0002,0.9998,CA,72.1691,69.7991,-86.7338039929452,-78.70923369464347,193.12751,12.94497,302.9356
13,12,0.6263,0.3737,CV,7.742,7.5092,-7.344655764517574,-7.251080114757299,16.01193,-3.5738,170.834
13,16,0.7,0.3,CV,27.366,27.366,-49.779608533792626,-49.779608533792626,0.0,0.0,14.0458
14,1,0.5942,0.4058,CV,4.2591,3.7598,-37.124485898208185,-37.1204464550555,-10.94847,0.12688,291.3144
14,2,0.6129,0.3871,CV,15.6414,15.6111,-14.85771631418958,-14.842959004507115,1.29796,-0.28405,165.0225
14,6,0.5101,0.4899,CV,27.8544,29.3596,-29.331498583408802,-29.138646723549805,38.62447,0.83399,188.8924
14,9,0.6061,0.3939,CV,14.5022,14.4817,-51.58596447614627,-51.534660159572304,-0.4286,0.61672,44.2391
14,8,0.6239,0.3761,CV,5.6595,5.8886,-12.87959366882443,-12.961587185769485,4.49316,-1.91433,116.2363
14,14,0.1069,0.8931,CA,18.3765,14.5827,-12.677201419067533,-10.959894623918775,210.49598,10.78876,378.8003
14,16,0.4336,0.5664,CA,39.6883,39.6883,-119.79070449797243,-118.92641795050729,15.31979,-0.56644,22.8044
14,7,0.646,0.354,CV,10.2146,12.331,-9.614628954893094,-10.548648945824336,38.99542,30.16188,148.2442
14,12,0.4953,0.5047,CA,10.5608,9.9914,-9.63522469408304,-9.130067532622844,24.70747,-4.20408,140.2758
15,1,0.627,0.373,CV,14.8656,15.3684,-14.42714551307632,-14.507699823621358,-0.87287,-0.31226,268.3977
15,2,0.6127,0.3873,CV,9.5013,9.4317,-16.420237395171366,-16.412404780392645,1.24538,-0.14704,164.238
15,6,0.0475,0.9525,CA,33.0602,31.7192,-41.91137459398788,-38.59541596247965,91.89899,2.37427,224.6621
15,9,0.5962,0.4038,CV,13.0595,13.0261,-19.385591242914504,-19.31887001463667,-0.55795,0.77791,39.4545
15,8,0.6277,0.3723,CV,5.1849,5.2915,-6.487112146253896,-6.527030666431102,0.05329,-1.1166,101.1581
15,14,0.6576,0.3424,CV,6.1996,11.1741,-7.727200064820068,-8.631417444644645,162.60291,6.31203,465.5499
15,12,0.4156,0.5844,CA,8.9049,7.9078,-14.364096838680185,-13.7278870369482,32.06218,-5.55995,129.8023
15,16,0.0,1.0,CA,47.9481,47.462,-163.89216641109527,-152.9122723775638,71.39765,-2.75589,63.7373
15,17,0.7,0.3,CV,18.5558,18.5558,-12.980580797665898,-12.980580797665898,0.0,0.0,36.4311
16,1,0.6083,0.3917,CV,18.3179,18.3306,-10.536152318454016,-10.489283562887229,4.35811,-0.48427,249.4174
16,2,0.6147,0.3853,CV,5.9087,5.8569,-24.247687083041626,-24.24883767347395,1.03184,-0.27483,160.9477
16,6,0.3914,0.6086,CA,23.7067,23.568,-87.85544452055801,-87.75079391395914,90.53688,2.58902,244.9464
16,9,0.5661,0.4339,CV,23.9311,23.8904,-68.2986655081524,-68.12287135035716,-1.23215,1.00996,37.6784
16,8,0.6163,0.3837,CV,8.6444,8.6332,-22.296239788442634,-22.281743689584033,1.66005,-1.61063,86.4685
16,14,0.7138,0.2862,CV,21.0483,25.3742,-11.183452372826515,-11.564448050342168,-66.40133,-4.1589,526.9554
16,16,0.0001,0.9999,CA,32.8651,31.4361,-72.21680179074043,-63.137198355682585,127.92572,-3.3659,103.3487
16,17,0.5788,0.4212,CV,33.9217,33.9217,-40.33997622320398,-40.060567523606906,14.14468,-2.3399,53.8338
16,3,0.5,0.5,CA,82.4405,82.3065,-25.21627545854011,-24.78245311579119,-42.37657,-6.07566,372.6457
17,1,0.5802,0.4198,CV,21.0098,20.7672,-17.17143242790094,-17.03555449972387,6.85924,-0.71924,234.4522
17,2,0.614,0.386,CV,9.1886,9.1319,-27.383025001545477,-27.3782545016873,1.08812,-0.32085,161.8634
17,6,0.5595,0.4405,CV,22.6479,22.9279,-101.29091785898288,-101.38180681550641,62.25374,3.05122,306.1858
17,8,0.2166,0.7834,CA,47.1951,47.1928,-107.74900891435604,-105.99211776508517,-9.35817,-3.8134,76.6317
17,14,0.5419,0.4581,CV,15.3938,13.8131,-11.425725718551075,-10.975236720039733,-73.63637,-4.17707,492.3311
17,16,0.1351,0.8649,CA,7.6195,5.3863,-61.49113726159967,-60.03955120498199,136.02905,-5.45505,116.4197
17,17,0.2137,0.7863,CA,29.1531,28.7251,-29.413291423906216,-27.6944241467708,37.0006,-5.64857,122.5538
17,7,0.5,0.5,CA,30.6853,31.6817,-19.071596658781097,-18.5477889530412,-24.80768,-19.35025,102.995
18,1,0.6175,0.3825,CV,19.6293,19.8775,-77.86311621035259,-77.92362859657514,1.59301,-0.50104,211.5229
18,2,0.6005,0.3995,CV,30.5492,30.4861,-28.059139204391688,-27.99886485866563,2.39382,-0.59462,164.9358
18,6,0.5331,0.4669,CV,19.3564,18.3501,-87.30607279503069,-87.05066819179216,57.27819,3.36516,364.7279
18,8,0.3261,0.6739,CA,17.7326,17.4189,-19.474692307635138,-18.845865880852365,-14.07031,-4.17166,76.8598
18,14,0.4819,0.5181,CA,12.9723,10.1659,-15.320492836218762,-14.88569122711055,-79.77343,-4.00797,509.9325
18,17,0.0704,0.9296,CA,28.9339,27.5875,-26.24634765671903,-23.76715645895501,85.11041,-8.03365,225.4478
18,7,0.6061,0.3939,CV,7.8416,7.9365,-9.695057954467057,-9.823641471666047,-15.02248,-11.7725,98.774
19,1,0.5871,0.4129,CV,25.588,25.5265,-76.62703136059785,-76.50576535702406,5.08491,-1.05352,201.573
19,2,0.5812,0.4188,CV,37.1679,37.0323,-28.065555880597962,-27.94515647337552,3.71932,-0.81028,168.9886
19,8,0.5533,0.4467,CV,4.4276,4.8593,-8.040846723743046,-8.198354060156422,-9.46816,-3.24651,69.411
19,14,0.5323,0.4677,CV,8.1938,5.588,-28.208322022920004,-28.061346609303236,-70.5034,-3.23665,509.0306
19,17,0.1638,0.8362,CA,15.847,13.7981,-15.089600350907732,-13.763350056066148,116.14766,-9.27864,278.2095
19,7,0.6566,0.3434,CV,4.71,5.2652,-6.094320663625672,-6.286361066014676,-1.14044,-1.47386,78.2008
19,12,0.5,0.5,CA,27.8769,28.6625,-31.429322321195677,-31.35019874781299,-11.80117,2.27627,90.4987
20,2,0.5895,0.4105,CV,18.0212,17.8167,-25.206901053177344,-25.149003125388184,3.59214,-0.8611,171.935
20,14,0.585,0.415,CV,11.1177,10.4914,-39.91154902668766,-39.906321709058716,-51.38023,-2.08126,461.8176
20,17,0.4862,0.5138,CA,4.6623,5.0241,-18.976984936410105,-19.09296358840127,100.14317,-2.39638,289.5338
20,7,0.6456,0.3544,CV,1.4696,1.4786,-4.816910366050105,-4.885033283558634,-1.35123,-1.14898,62.0781
20,12,0.5861,0.4139,CV,12.5401,12.9254,-14.805741184085331,-14.851520789355167,3.93814,0.00147,81.9602
20,9,0.5,0.5,CA,27.1508,27.1345,-38.72943535076103,-38.65307901046465,-0.074,1.24382,34.5013
20,6,0.5,0.5,CA,52.7414,53.0033,-77.7748121315009,-77.76327763280923,12.01619,4.42325,368.0966
21,2,0.6024,0.3976,CV,9.4597,9.3014,-17.072981303645165,-17.05666894868894,2.7889,-0.97953,174.1895
21,14,0.4885,0.5115,CA,35.3169,37.096,-21.325018116214338,-20.853642148806774,52.89758,3.02048,440.093
21,17,0.6068,0.3932,CV,6.3505,6.6116,-13.664639168648634,-13.815943954410614,60.88885,3.86179,288.7176
21,7,0.6358,0.3642,CV,1.6988,1.6825,-5.363472332940544,-5.405884064457236,-1.07979,-0.73664,51.7188
21,12,0.4746,0.5254,CA,19.1972,19.0258,-19.88423117646853,-19.35539940562493,12.14227,-1.22783,82.6001
21,9,0.5488,0.4512,CV,18.1727,18.1568,-21.527087155193133,-21.42055197690315,-1.38627,1.24373,33.3484
21,6,0.5684,0.4316,CV,15.4494,15.3483,-28.643420722668992,-28.616393259596954,2.94377,4.75886,310.0591
21,16,0.5,0.5,CA,49.2985,45.1109,-33.38530273391868,-32.563699747285014,125.99356,-2.21379,206.8808
21,8,0.5,0.5,CA,82.4871,82.8286,-192.65345552090827,-182.78622882251412,42.78619,6.09112,60.9792
22,2,0.601,0.399,CV,16.5813,16.4342,-10.276947096393327,-10.235611009203492,2.95725,-1.20907,175.1557
22,14,0.5728,0.4272,CV,5.0556,3.9554,-14.501195356952795,-14.508785011509964,39.99837,2.56024,411.8486
22,17,0.6852,0.3148,CV,8.193,9.789,-17.978037093582618,-18.29856509583068,-0.25668,3.4247,244.1452
22,7,0.6309,0.3691,CV,0.4547,0.491,-4.692679431327132,-4.7284535896814575,-0.48045,-0.35302,43.9009
22,12,0.4798,0.5202,CA,13.1207,12.6441,-10.492182964881197,-10.14557550742904,14.34788,-1.05474,85.3051
22,9,0.5822,0.4178,CV,5.5905,5.5051,-17.80160999606513,-17.760836506873645,-1.19765,1.18031,34.0404
22,6,0.603,0.397,CV,6.8588,6.681,-9.05421547946831,-9.07115544558451,4.36598,3.68763,254.0358
22,16,0.0273,0.9727,CA,30.4394,34.3513,-26.243407907137822,-22.368605171551117,-229.11206,6.60866,257.4606
22,8,0.3684,0.6316,CA,13.6761,12.8198,-14.445361167490447,-13.604196206289268,43.74793,6.57563,110.4274
23,2,0.5959,0.4041,CV,18.8461,18.6834,-12.97112124692189,-12.91060280061744,3.47795,-1.13525,174.6455
23,14,0.6418,0.3582,CV,8.4777,9.7633,-16.65658431145287,-16.832244035830506,10.71142,1.30895,366.805
23,17,0.6417,0.3583,CV,7.1796,7.1049,-12.010874848409129,-12.01900179987736,-10.76741,2.60603,187.9466
23,7,0.6124,0.3876,CV,7.0637,7.0491,-18.751882551336177,-18.716301652750918,-1.61086,-0.7002,38.8238
23,12,0.5747,0.4253,CV,9.9474,9.9969,-8.628517430537645,-8.656068578926295,9.3492,0.1746,85.9262
23,9,0.6009,0.3991,CV,5.8833,5.8529,-17.099883212162727,-17.087717494981494,-0.67481,0.94661,35.5989
23,6,0.6193,0.3807,CV,5.3669,5.3595,-8.898535718492244,-8.933228654166452,0.98825,2.1639,213.6352
23,8,0.5411,0.4589,CV,1.713,1.4786,-27.45030003783347,-27.49931539163115,33.24465,4.96473,112.5931
23,21,0.7,0.3,CV,10.3947,10.3947,-21.38088879812898,-21.38088879812898,0.0,0.0,28.6054
24,2,0.4195,0.5805,CA,82.9854,82.7959,-111.29224206623314,-110.52616196425679,10.70067,-1.71133,183.5128
24,14,0.6356,0.3644,CV,10.9373,11.1907,-19.513436681324254,-19.56066672309438,-2.05243,0.62959,326.0111
24,17,0.628,0.372,CV,4.1877,3.9002,-14.13414683362381,-14.148530869245125,-8.94873,1.84212,152.7202
24,7,0.5542,0.4458,CV,12.2609,12.1841,-82.32261710099102,-82.07459210443349,-3.11563,-1.30272,35.1312
24,12,0.6051,0.3949,CV,9.9793,10.0051,-10.304485677480514,-10.32117797495663,5.02766,0.98085,81.0771
24,9,0.6041,0.3959,CV,14.5642,14.5752,-19.3373244830239,-19.311395965397153,0.55163,0.77833,37.1158
24,6,0.6079,0.3921,CV,11.5839,11.5737,-15.257936894570962,-15.220711525064356,-4.35266,0.82936,183.1325
24,8,0.5525,0.4475,CV,4.0118,3.0045,-27.71384048718447,-27.563169752385406,29.31949,4.31684,103.5193
24,21,0.628,0.372,CV,15.0847,15.0847,-39.54739011172685,-39.4737492594308,6.53134,-1.47112,40.9876
25,2,0.3864,0.6136,CA,48.9837,48.3748,-72.02887625612586,-71.37859255167152,16.28903,-2.50344,200.1014
25,14,0.6158,0.3842,CV,13.0881,12.9836,-12.99549687634483,-12.967363461020085,-7.36333,0.2866,285.4333
25,17,0.6185,0.3815,CV,5.1355,4.954,-22.597284306613577,-22.591751264979326,-7.87594,0.80259,125.2615
25,12,0.616,0.384,CV,5.8892,5.904,-6.967175083556543,-6.985016106091732,2.05183,1.17313,76.964
25,9,0.5838,0.4162,CV,18.7733,18.7297,-26.370843022952386,-26.256055385386407,1.53934,0.84059,37.7399
25,6,0.5639,0.4361,CV,15.9763,15.745,-17.680990793183785,-17.47917316760551,-7.93471,-0.0191,159.8451
25,8,0.6171,0.3829,CV,2.3177,2.3255,-43.22116508224671,-43.320484495375524,17.83805,2.54536,90.8749
25,21,0.3194,0.6806,CA,23.9361,23.744,-65.28570546433131,-64.0403584362502,24.20876,-6.03533,82.679
26,2,0.38,0.62,CA,40.6016,39.8347,-51.03409053830883,-50.403234453192155,23.37626,-3.21228,226.0246
26,14,0.61,0.39,CV,25.8224,26.0207,-38.57097593528245,-38.54772220737151,3.62676,1.22989,244.6833
26,17,0.5121,0.4879,CV,15.9117,15.6715,-68.09087955158755,-67.6648657809377,-13.74528,0.75234,115.3104
26,12,0.6148,0.3852,CV,8.2631,8.2498,-8.342571903409258,-8.339275398778504,0.28807,1.17577,74.7915
26,9,0.5957,0.4043,CV,8.2558,8.1953,-16.41060058545918,-16.37468027919212,1.05523,1.10313,39.2195
26,6,0.6173,0.3827,CV,5.1769,5.5653,-6.914637413442649,-6.998380191614087,-3.47382,0.14061,146.2781
26,8,0.6001,0.3999,CV,4.9935,4.6779,-15.266733220637015,-15.200022030579333,15.23126,2.45375,79.8821
26,21,0.0929,0.9071,CA,22.7811,21.7324,-78.10757949354537,-75.78123530513938,55.07927,-12.59961,156.7322
27,2,0.0479,0.9521,CA,93.8965,92.8925,-82.60337514955248,-79.48141490871762,60.97776,-7.54515,273.4532
27,14,0.6047,0.3953,CV,17.1596,17.2943,-22.1188847099325,-22.08201027273483,-4.24132,0.5349,215.1419
27,17,0.5876,0.4124,CV,5.023,5.0433,-123.60855686631719,-123.64272512213934,-9.18356,0.10184,108.0342
27,12,0.6099,0.3901,CV,10.2754,10.2418,-8.762377612239778,-8.74003469482977,0.81101,1.29972,68.6383
27,9,0.5083,0.4917,CV,38.2217,38.1479,-48.03441308017794,-47.62655036070581,3.23636,1.50265,42.545
27,6,0.6239,0.3761,CV,12.3786,12.5265,-16.546069441353662,-16.579151191513002,0.35121,-0.41736,135.8392
27,8,0.6244,0.3756,CV,4.3808,4.3907,-18.57336351522581,-18.634161146101153,8.62604,1.78968,71.0845
27,21,0.091,0.909,CA,22.8163,21.3278,-67.7715848594177,-65.74140893175965,97.96254,-18.29653,204.7398
28,2,0.3426,0.6574,CA,12.9441,11.5958,-12.716547594652365,-12.400752934414058,67.84595,-7.07446,306.8059
28,14,0.5655,0.4345,CV,20.0636,19.8718,-24.949107964699667,-24.758270478286452,-8.32645,0.00594,198.4371
28,17,0.5864,0.4136,CV,8.0899,7.8634,-133.6791970677083,-133.5993900547572,-8.19127,-0.40315,99.2979
28,9,0.3667,0.6333,CA,44.0788,43.876,-58.278949713574704,-57.41849071652128,6.22965,2.92756,45.8204
28,6,0.62,0.38,CV,6.1681,6.1446,-31.661712884224304,-31.66878052383244,0.67957,-0.57583,123.4042
28,8,0.6049,0.3951,CV,5.4573,5.2691,-15.600675307539149,-15.54340583130035,7.73125,1.88582,63.0685
28,21,0.3443,0.6557,CA,6.1187,4.484,-69.15369084331519,-68.78386646764602,101.41299,-16.38391,212.5277
29,2,0.6351,0.3649,CV,14.3852,16.3478,-28.508232732369333,-28.982921125038093,33.33295,-1.3819,336.0528
29,14,0.5561,0.4439,CV,14.5234,14.0866,-24.624290282660706,-24.45294200866701,-9.09304,-0.14619,183.3092
29,17,0.5351,0.4649,CV,12.4398,12.1095,-97.34540646574322,-97.05864757965709,-10.38584,-0.62944,95.0654
29,9,0.3925,0.6075,CA,28.6012,28.2898,-25.742880888303333,-25.192410283538102,8.24906,4.69231,55.5014
29,6,0.4573,0.5427,CA,62.3703,62.4024,-90.43613630342549,-89.78787886028088,-7.13851,-1.3367,121.5205
29,8,0.6216,0.3784,CV,6.6459,6.6987,-15.595475562276603,-15.637429638101072,3.16011,1.43138,56.8045
29,21,0.6033,0.3967,CV,5.1005,6.2956,-46.22300498672174,-46.56001228625205,64.53082,-5.78225,223.2703
30,2,0.6574,0.3426,CV,13.9774,14.7929,-36.60899746970306,-36.761455914884195,5.05703,1.2081,334.7753
30,14,0.5857,0.4143,CV,5.3256,4.9094,-24.39702193719279,-24.36024319133748,-7.19405,-0.22589,173.8012
30,17,0.507,0.493,CV,13.9371,13.5249,-55.4435703871589,-55.11891876413114,-12.03448,-0.92533,96.9478
30,9,0.3628,0.6372,CA,29.1932,28.7944,-25.360293201535423,-24.64752701042363,12.5253,6.79199,62.8894
30,8,0.5614,0.4386,CV,17.4313,17.5083,-42.00657172470436,-41.774214835956634,-4.94087,0.12305,55.0592
30,21,0.7018,0.2982,CV,5.4973,7.1463,-32.042427681866315,-32.4462196451898,8.91873,1.20715,183.7222
30,7,0.5,0.5,CA,30.8645,30.8933,-19.80102029642424,-19.731393565044154,0.90712,0.81333,25.7303
30,22,0.7,0.3,CV,7.2616,7.2616,-10.765340208919502,-10.765340208919502,0.0,0.0,38.9426
31,2,0.6345,0.3655,CV,9.507,9.3764,-17.57352535640542,-17.59249900963881,3.22463,1.3701,314.7338
31,14,0.6002,0.3998,CV,8.1387,7.9695,-32.90563350310547,-32.88533981457914,-5.43652,0.05084,169.2094
31,17,0.4506,0.5494,CA,17.1643,16.636,-36.23423918032525,-35.72346125868022,-15.90308,-1.55023,98.9631
31,9,0.3204,0.6796,CA,21.674,21.105,-18.373937635937736,-17.5138036811654,18.50856,10.33369,76.4282
31,8,0.2698,0.7302,CA,34.909,34.6304,-78.99053540921987,-77.60404681676017,-13.60756,-1.23632,61.8665
31,21,0.6749,0.3251,CV,0.9757,1.0218,-10.88730021874334,-11.018022880523072,3.42411,0.91696,139.7826
31,22,0.6403,0.3597,CV,10.267,10.267,-21.22802135405849,-21.207408933598018,-4.94971,-0.80708,51.7164
31,7,0.5779,0.4221,CV,1.921,1.9359,-4.577183626569966,-4.589034091628984,0.52899,0.61304,23.526
32,2,0.6013,0.3987,CV,17.2766,17.105,-25.67178069523974,-25.584374193453648,9.1232,1.09992,295.6133
32,14,0.6026,0.3974,CV,8.3078,8.0818,-31.395855763532982,-31.36470769691135,-4.54198,-0.0357,165.5726
32,17,0.498,0.502,CA,8.8214,8.1846,-37.804438096581876,-37.564669693343006,-16.26977,-1.83506,105.379
32,9,0.4494,0.5506,CA,10.8149,10.3333,-9.396341173026789,-9.144765179456286,18.83636,11.3216,97.0582
32,8,0.1155,0.8845,CA,52.2208,51.5376,-69.77482959692614,-67.76150734839214,-31.27984,-3.40819,76.5527
32,21,0.6266,0.3734,CV,5.501,5.3924,-7.955962729395617,-7.914437959532607,9.03156,-0.00865,113.0771
32,22,0.5818,0.4182,CV,9.8515,9.7322,-46.954896607972714,-46.778301190439095,-12.19159,-2.60149,80.9699
32,7,0.5856,0.4144,CV,12.2897,12.3097,-18.141763343998615,-18.072599875097268,-0.9999,0.49172,21.8595
33,2,0.5681,0.4319,CV,19.183,18.7293,-23.377410744613105,-23.202332003045093,11.94169,1.1061,281.5594
33,14,0.6026,0.3974,CV,8.743,8.5164,-27.06276235287523,-27.027726765573128,-4.07072,-0.06711,161.4178
33,17,0.577,0.423,CV,5.7308,5.6654,-47.798666390801614,-47.809550541652946,-11.51047,-1.85051,106.8797
33,9,0.5792,0.4208,CV,11.4727,11.7158,-21.251202083376803,-21.340624799134062,10.07968,8.39201,111.045
33,8,0.1272,0.8728,CA,49.0481,48.1703,-47.71414305089433,-46.027284440756,-52.57064,-5.583,98.2693
33,21,0.6351,0.3649,CV,7.0196,7.1703,-22.480338418911565,-22.548108206304903,1.82554,1.01014,93.3139
33,12,0.5,0.5,CA,41.2596,41.2526,-20.448896578869967,-20.372879614911568,-0.48275,1.43579,55.0925
34,2,0.5653,0.4347,CV,17.2974,16.7861,-13.572898978888794,-13.434937257545402,11.7653,1.40161,279.1579
34,14,0.6097,0.3903,CV,9.8455,9.7842,-21.78171059652953,-21.776780786786503,-2.7405,-0.00377,163.8321
34,17,0.6014,0.3986,CV,11.0803,11.0565,-70.80197369943531,-70.79962805790606,-7.20485,-2.05202,108.7702
34,8,0.1223,0.8777,CA,47.1758,45.8416,-35.79347868042782,-34.045408737807605,-78.80365,-7.93844,145.553
34,21,0.603,0.397,CV,9.8435,9.8878,-16.29983555957465,-16.218637781807736,-4.35933,1.24472,82.2735
34,12,0.4972,0.5028,CA,26.8391,26.7729,-55.74058927460712,-55.42707786068833,-1.93876,2.65171,46.7774
35,2,0.5861,0.4139,CV,9.2889,8.7872,-13.506982994636866,-13.45819493263636,9.59653,1.41231,272.3075
35,14,0.6198,0.3802,CV,9.2447,9.3889,-10.693513075407616,-10.72066793875264,-0.78959,0.12947,159.5479
35,8,0.0896,0.9104,CA,50.4884,48.4009,-32.45082633454414,-30.361971769741032,-124.90361,-12.38378,232.1564
35,21,0.5389,0.4611,CV,11.5239,11.2983,-9.909916190729568,-9.61394323146077,-7.66114,1.13767,74.9303
35,12,0.5399,0.4601,CV,28.2256,28.3367,-48.23487913127993,-48.096536914984654,3.10137,0.94322,46.0063
36,2,0.5836,0.4164,CV,17.3366,16.9669,-11.643428311163866,-11.554048786833633,9.01354,1.50316,274.8501
36,14,0.6178,0.3822,CV,8.1202,8.1045,-14.121217928523954,-14.124730702485474,-0.99771,-0.2104,154.9615
36,8,0.106,0.894,CA,39.0601,35.9702,-20.45742918831381,-18.601083479832432,-178.21653,-17.86305,358.9553
36,21,0.5088,0.4912,CV,11.3425,11.0137,-11.878426992356221,-11.55554897050135,-9.32483,0.75496,70.3601
36,12,0.2629,0.7371,CA,37.5223,37.377,-79.46959055309412,-78.0787605922246,8.42047,-0.50092,48.4124
36,17,0.5,0.5,CA,10.4218,10.1996,-75.4821942558315,-75.4424462540094,-4.78339,-1.39277,114.625
37,2,0.53,0.47,CV,35.3463,34.8918,-15.473161266075635,-15.170244082851575,12.7493,2.26167,273.9245
37,14,0.6169,0.3831,CV,8.558,8.5396,-35.848638279169876,-35.85139222580115,-0.69914,-0.46215,149.2347
37,8,0.2976,0.7024,CA,14.4045,10.139,-10.681369514956527,-10.075631308179862,-193.82167,-19.19444,514.621
37,21,0.5084,0.4916,CV,8.4518,8.0279,-28.97427523711888,-28.693132176310947,-10.2724,0.6583,68.9363
37,12,0.0867,0.9133,CA,47.8741,47.4885,-128.87276022764752,-126.550652309948,20.56325,-1.73072,53.9958
37,17,0.5705,0.4295,CV,4.7009,4.4556,-66.67802329410709,-66.65966064813433,-4.45644,-1.142,109.5346
38,2,0.5925,0.4075,CV,8.9419,9.0988,-11.693863586833254,-11.722647374586584,7.92642,2.1346,274.6461
38,14,0.6176,0.3824,CV,11.7315,11.7595,-13.667950434518456,-13.67491362435051,0.30694,-0.69098,150.221
38,8,0.5976,0.4024,CV,13.0168,15.7352,-9.266160140128122,-9.644902656337589,-122.17778,-12.42176,651.8344
38,21,0.5468,0.4532,CV,6.3129,6.0056,-57.07815298609674,-56.95162772921639,-9.31374,0.23752,66.9209
38,12,0.0659,0.9341,CA,47.0882,46.5537,-91.33855202746217,-88.96795937107893,38.0893,-2.95619,64.8395
38,17,0.5947,0.4053,CV,25.8114,26.032,-16.884178590343343,-16.863574296575358,2.81988,0.62809,103.925
39,2,0.6157,0.3843,CV,6.9832,7.2385,-13.325856043723507,-13.360931665082596,3.76948,1.419,269.0553
39,14,0.6125,0.3875,CV,17.7306,17.7247,-11.287003093165504,-11.2715377867341,1.15587,-0.22976,141.3042
39,8,0.6572,0.3428,CV,20.7076,21.692,-11.716107262903018,-11.923165699197131,-41.73049,-3.59232,580.4671
39,17,0.5957,0.4043,CV,14.5411,14.482,-27.678397114581486,-27.626478055334093,2.45699,1.71607,98.7758
40,2,0.6195,0.3805,CV,15.2483,15.3564,-9.61169866183931,-9.628720588226328,0.07415,1.29026,260.7889
40,14,0.6173,0.3827,CV,1.5597,1.5987,-10.436451186321193,-10.4487008642735,0.70498,-0.17396,139.1662
40,8,0.5995,0.4005,CV,22.9808,23.5839,-13.237158988465964,-13.108330844998555,21.25861,2.51704,445.2206
40,17,0.5995,0.4005,CV,9.4856,9.3898,-55.511225999454666,-55.47355259147034,1.65721,2.01032,94.512
41,2,0.6115,0.3885,CV,20.5164,20.5162,-13.311582685807979,-13.289197170798651,2.76885,1.38112,258.6064
41,14,0.6174,0.3826,CV,4.3776,4.3391,-26.059402997470574,-26.065248192270406,0.72148,0.00982,136.1621
41,8,0.5206,0.4794,CV,24.188,24.7572,-31.07368295391521,-30.70947955912229,-32.30148,-2.10456,362.0873
41,17,0.601,0.399,CV,9.2041,9.1167,-58.159953056975134,-58.123190177702035,2.28561,1.6275,92.8275
41,21,0.5,0.5,CA,44.8327,44.5967,-64.4238554816296,-62.97543209548422,-15.13146,-1.4451,53.9006
41,25,0.7,0.3,CV,17.1699,17.1699,-14.469411495050874,-14.469411495050874,0.0,0.0,31.8986
42,2,0.6126,0.3874,CV,10.2736,10.1673,-17.354346258592788,-17.348271668431416,2.48704,0.95779,248.286
42,14,0.4341,0.5659,CA,98.9671,98.9316,-152.44645271136247,-151.70829039219626,7.43329,-0.1094,143.0007
42,8,0.5914,0.4086,CV,12.8725,13.1713,-18.107887720434704,-18.14575956564302,-11.79284,0.8236,299.8575
42,17,0.5692,0.4308,CV,20.1641,20.0502,-80.2171320561315,-80.04690057743733,3.94801,1.13222,88.5317
42,25,0.622,0.378,CV,19.3903,19.3903,-22.4288720031646,-22.32959941407138,7.78079,-2.47093,45.299
42,21,0.0957,0.9043,CA,18.7379,18.1033,-26.787452032879116,-24.239248760792997,-29.06558,-1.65349,62.1433
43,2,0.6175,0.3825,CV,4.8353,4.875,-10.66443666828716,-10.677638276509366,1.41712,0.60804,246.0433
43,14,0.1994,0.8006,CA,100.6684,100.2421,-137.1293372752948,-135.53093902552,17.07042,1.14539,150.949
43,8,0.598,0.402,CV,12.8934,13.0048,-10.708653977649593,-10.671264947506085,4.00012,2.94896,247.2194
43,17,0.392,0.608,CA,38.6081,38.3946,-69.09480235881567,-68.25386167109366,8.43847,1.43123,84.8842
43,25,0.2343,0.7657,CA,31.4954,31.2565,-38.910740722976996,-37.2469547186448,28.86081,-8.48915,99.2863
43,21,0.1279,0.8721,CA,17.4074,16.6106,-40.67194533642372,-39.02030795869581,-50.85999,-1.90223,65.5596
44,2,0.6192,0.3808,CV,10.9333,10.9932,-10.721409291467857,-10.734552379162118,-0.01915,0.55537,240.0625
44,14,0.4192,0.5808,CA,20.3041,19.8465,-27.62640144362475,-27.421435271977494,18.2734,2.56193,169.0592
44,8,0.5513,0.4487,CV,17.424,17.1892,-11.365743574872324,-11.12721200347881,12.94254,4.44793,216.3174
44,17,0.4963,0.5037,CA,11.2439,10.9777,-30.03837102398377,-29.874388765795445,8.47686,1.83481,88.6876
44,25,0.0214,0.9786,CA,38.2108,37.0869,-64.52360179266171,-60.77314489130374,82.64504,-21.84447,186.5038
44,21,0.0956,0.9044,CA,15.8683,14.7397,-31.366885435983143,-29.341582935365594,-73.9032,-1.37882,77.0606
44,27,0.7,0.3,CV,5.8053,5.8053,-10.156341479248866,-10.156341479248866,0.0,0.0,25.6857
45,2,0.6116,0.3884,CV,26.1045,26.1008,-15.640397992812211,-15.618690143283452,-2.0081,0.30626,238.3114
45,14,0.5661,0.4339,CV,23.692,23.9795,-26.94117385609368,-27.019535925492427,10.82604,3.04894,193.4452
45,8,0.5741,0.4259,CV,23.6253,23.8392,-46.025162725446194,-45.94752289251252,-1.37869,4.37395,192.5377
45,17,0.5681,0.4319,CV,7.2436,7.1384,-9.055310698123773,-9.032582077622,6.49319,1.1187,91.6605
45,25,0.1035,0.8965,CA,17.1552,15.3351,-32.70101457014856,-30.916095199166193,111.90303,-29.09826,230.2111
45,21,0.0501,0.9499,CA,17.2148,15.4923,-25.279519965688536,-22.605055275705837,-113.89717,-1.22971,96.3726
45,27,0.6338,0.3662,CV,11.9944,11.9944,-37.656727971164116,-37.60835849935129,5.66989,0.2643,35.2101
46,2,0.614,0.386,CV,19.4064,19.4339,-49.97297778853597,-49.972869604538516,-0.8103,0.6863,222.1681
46,14,0.5856,0.4144,CV,46.8929,46.9622,-37.825152244832196,-37.77343153396538,3.36848,1.98718,232.7979
46,8,0.5885,0.4115,CV,18.646,18.7071,-34.261817754946605,-34.21018064157674,4.79931,3.95823,182.4214
46,17,0.5858,0.4142,CV,7.1187,6.8896,-13.814322278716118,-13.76020545037894,5.51026,0.49537,91.9059
46,25,0.4164,0.5836,CA,3.8299,2.8273,-6.641442636067195,-6.560619972570613,106.37658,-26.28751,240.9569
46,21,0.4788,0.5212,CA,2.019,3.1437,-17.293667376671692,-17.54185703836662,-102.4225,-0.30515,96.1098
46,27,0.5367,0.4633,CV,12.2469,12.103,-48.29606159365631,-47.945894235264596,12.25953,1.27124,59.334
47,2,0.6007,0.3993,CV,35.7943,35.7817,-78.28073905892076,-78.22097180220192,-3.16537,-0.00022,225.3572
47,14,0.5874,0.4126,CV,32.4766,32.2374,-28.084564231494646,-28.01147432842017,1.04711,1.91707,270.5583
47,8,0.5516,0.4484,CV,18.3238,18.0039,-13.027363410645794,-12.804190825152883,8.03227,4.51339,169.227
47,17,0.5711,0.4289,CV,12.3387,12.1136,-36.60396865360255,-36.46387409970416,6.03862,0.10074,90.4989
47,25,0.0051,0.9949,CA,29.7015,26.5322,-55.19821113271015,-49.734253663138844,225.89669,-50.65722,358.5065
47,21,0.7185,0.2815,CV,2.9365,5.5486,-19.146745247932852,-19.81152227286838,-33.71277,0.50048,111.8988
47,27,0.4196,0.5804,CA,11.9068,11.3318,-82.48496013450423,-81.80530650195463,20.09913,1.05941,92.8082
48,2,0.5639,0.4361,CV,47.3397,47.1666,-77.7532902323715,-77.56193959433861,-5.55916,-0.61097,227.9064
48,14,0.5999,0.4001,CV,17.8629,17.6233,-24.132128121967007,-24.108287958785652,0.61242,2.0016,291.6321
48,8,0.5115,0.4885,CV,19.0307,18.5874,-13.686151890537928,-13.355313564562737,10.33782,5.45323,159.4024
48,17,0.5594,0.4406,CV,18.5306,18.4307,-20.126251745471492,-19.960182780074845,5.35209,-1.24028,84.2367
48,25,0.0359,0.9641,CA,22.0987,18.6949,-17.124317257502078,-14.23299681423486,287.42692,-59.48972,290.0767
48,21,0.6606,0.3394,CV,2.718,2.1157,-17.34391524378065,-17.384555802532184,-22.13682,-0.05606,85.9305
48,12,0.5,0.5,CA,46.8983,46.9311,-16.444457586308786,-16.432982735698467,-0.35776,-0.77853,85.033
49,2,0.5471,0.4529,CV,40.9785,40.676,-89.71397625724454,-89.50846350047662,-6.9751,-0.91662,236.2738
49,14,0.6103,0.3897,CV,22.4798,22.4918,-13.608375429314307,-13.609930363319306,-0.74507,2.02385,297.8725
49,8,0.5748,0.4252,CV,9.0802,8.9754,-8.294087815786627,-8.276942894574155,7.28514,4.72235,157.9058
49,17,0.6117,0.3883,CV,9.5154,9.707,-8.884554978964157,-8.951089116746472,0.74931,-1.56879,81.3096
49,25,0.9999,0.0001,CV,43.7297,50.0024,-69.3980011695919,-78.55957019423317,-17.86269,11.78357,181.5747
49,21,0.6627,0.3373,CV,5.8642,6.494,-34.95479703137868,-35.09285249075341,6.48526,-0.39454,69.2019
49,12,0.5624,0.4376,CV,14.3532,14.3661,-17.18398591948815,-17.132718025754524,2.30487,-0.74417,75.49
50,14,0.611,0.389,CV,18.8531,18.7463,-10.403849370591786,-10.39277851368163,-1.052,2.26058,310.6276
50,8,0.6027,0.3973,CV,18.1418,18.249,-12.035992612853425,-12.042288601200687,1.61851,3.68308,149.9823
50,17,0.6031,0.3969,CV,15.8536,15.8855,-14.478527781380816,-14.432460725122228,-1.68203,-1.2286,81.9247
50,25,0.7498,0.2502,CV,19.125,19.1253,-45.99295475043223,-45.99190661927872,-0.03699,0.0084,114.3707
50,21,0.6498,0.3502,CV,5.2416,5.3815,-9.15151837875587,-9.22923114116357,-1.90498,-0.20514,57.9159
50,12,0.546,0.454,CV,17.7073,17.5913,-18.304110194381607,-18.09623448912256,4.52974,-0.57256,74.5342
51,14,0.6102,0.3898,CV,22.5676,22.4762,-10.830972330241497,-10.815793165437544,-1.30689,2.54628,317.1109
51,8,0.6016,0.3984,CV,11.699,11.5742,-9.068478780944975,-9.029265043407712,1.42437,3.43334,146.4893
51,17,0.6072,0.3928,CV,10.6617,10.6448,-11.510976145058706,-11.494732866330441,-0.17654,-1.38537,80.6041
51,25,0.6625,0.3375,CV,4.5336,4.5339,-38.94156859058868,-38.94174199439515,-0.00966,0.01737,82.0708
51,21,0.6226,0.3774,CV,4.3829,4.306,-12.365919341402146,-12.34518397320386,-3.97248,-0.25928,49.8166
51,12,0.4498,0.5502,CA,29.9339,29.6757,-24.740598844809256,-24.170455607925177,7.82582,-0.70971,77.2616
51,30,0.7,0.3,CV,6.8655,6.8655,-10.173491429906091,-10.173491429906091,0.0,0.0,22.7934
52,14,0.6113,0.3887,CV,17.1958,17.1005,-13.231508051758272,-13.222061352390842,-1.53316,2.00228,318.9354
52,8,0.6039,0.3961,CV,10.6735,10.5506,-10.536035450191902,-10.507977247240246,0.49271,2.91488,142.8762
52,17,0.6015,0.3985,CV,14.208,14.1785,-14.318686338291775,-14.272548440109517,0.5361,-1.78535,74.363
52,25,0.632,0.368,CV,1.5163,1.5161,-22.587531275590006,-22.588135609232957,0.00173,0.02296,65.4876
52,21,0.6222,0.3778,CV,3.7291,3.6971,-15.29533356200896,-15.313430551277627,-2.39577,-0.31757,45.0895
52,12,0.4334,0.5666,CA,23.5705,23.1411,-16.766280093998212,-16.26749238024489,10.52866,-0.80779,81.538
52,30,0.6316,0.3684,CV,15.3124,15.3124,-14.52095689775635,-14.463058550266666,1.0052,-0.78433,34.43
53,14,0.6055,0.3945,CV,36.3526,36.3452,-14.632871791270748,-14.597217174493593,1.64534,2.36736,314.796
53,8,0.6031,0.3969,CV,12.7394,12.6392,-10.38721397597618,-10.35261591137768,-0.24478,2.65821,135.714
53,17,0.5945,0.4055,CV,11.4278,11.3591,-39.2265677625872,-39.15955949563964,0.51059,-1.90064,68.1828
53,25,0.6214,0.3786,CV,4.2827,4.2829,-27.60947906870236,-27.610419823068526,0.08877,-0.01102,55.0609
53,21,0.6251,0.3749,CV,2.5247,2.5635,-14.00075442316992,-14.032166315501303,-0.89596,-0.30603,40.6571
53,12,0.4172,0.5828,CA,23.0427,22.5899,-16.91270908824407,-16.370950493491183,14.07814,-0.59772,85.9321
54,14,0.5736,0.4264,CV,40.8823,40.7021,-38.179107930720534,-38.02008506574435,2.33849,3.06145,292.9835
54,8,0.5969,0.4031,CV,13.3477,13.2258,-14.482067294273776,-14.422658814707457,0.59849,3.05512,129.8308
54,17,0.6051,0.3949,CV,6.0414,6.005,-6.740380526175401,-6.727849762453037,1.06808,-1.32573,65.1856
54,25,0.618,0.382,CV,2.1222,2.1204,-13.256426048108771,-13.258648517726627,0.08385,0.0235,48.4916
54,21,0.6003,0.3997,CV,9.6412,9.6774,-14.056767252455735,-13.979108914086023,2.23749,-0.08415,37.9465
54,12,0.2136,0.7864,CA,36.6374,36.0324,-38.434378725914826,-36.946154386549324,26.62381,-0.57618,102.1538
55,14,0.5575,0.4425,CV,23.7141,23.3728,-47.75777782889562,-47.58005602259216,2.13174,3.41416,278.858
55,8,0.5974,0.4026,CV,23.4989,23.4591,-60.27942082374476,-60.231393465257455,0.28608,2.6123,137.4523
55,17,0.6206,0.3794,CV,5.6278,5.7184,-17.612505850902508,-17.649792273920664,0.27078,-0.22966,61.8481
55,25,0.6161,0.3839,CV,7.2924,7.2939,-7.462664974390196,-7.461595192230094,-0.1769,0.12269,44.4941
55,21,0.5333,0.4667,CV,13.0,12.894,-35.58014179416928,-35.26583966501743,4.17527,0.14138,34.3215
55,12,0.3695,0.6305,CA,13.6342,12.7409,-10.124035318425513,-9.690619427895943,31.73275,-0.10447,124.0859
56,14,0.6002,0.3998,CV,9.6553,9.705,-22.812810122864903,-22.83380483726158,0.34709,0.80938,268.7367
56,8,0.5855,0.4145,CV,24.4929,24.3744,-46.889125236998424,-46.79088245066812,0.73205,3.5497,132.2566
56,17,0.6085,0.3915,CV,12.4472,12.4547,-38.81446805983093,-38.777696083822505,-0.4222,0.90358,55.708
56,25,0.6124,0.3876,CV,8.9045,8.8953,-14.981545559542448,-14.968111139990487,-0.3913,0.34324,40.8669
56,12,0.4733,0.5267,CA,10.3505,9.6456,-9.917378411592225,-9.693078612996631,31.07379,1.08054,143.986
56,21,0.551,0.449,CV,31.929,32.1358,-60.53452539437158,-60.38920007988474,-3.75823,-0.18333,36.3338
57,14,0.5597,0.4403,CV,24.6514,24.4619,-15.148107171195342,-14.940593831321072,3.99803,1.28141,242.7124
57,8,0.5765,0.4235,CV,22.399,22.2531,-33.12871582581372,-33.01132662731293,1.93538,3.72693,129.5026
57,25,0.6016,0.3984,CV,13.8827,13.8599,-20.2589767308891,-20.205428867544,-0.86364,0.44976,39.1556
57,12,0.5911,0.4089,CV,10.9271,11.225,-8.88018511738842,-8.984361651842477,17.65329,2.02277,153.0119
57,21,0.2615,0.7385,CA,36.2166,36.0047,-84.50807536062605,-83.0938539038989,-9.47516,-0.48177,39.38
58,14,0.6178,0.3822,CV,27.695,28.0859,-16.613581061711795,-16.705368365040208,1.59603,-0.63238,242.1734
58,8,0.5829,0.4171,CV,15.242,15.056,-26.508556832665544,-26.43046121765161,2.43026,3.31068,131.0991
58,25,0.5431,0.4569,CV,27.3751,27.3307,-45.174968488744554,-44.89799077107764,-2.08733,0.83536,35.7743
58,21,0.5538,0.4462,CV,7.761,8.1823,-13.067740744697183,-13.31756912533993,-5.85823,-0.1172,41.4531
58,12,0.3153,0.6847,CA,28.2761,27.7053,-19.694667670077692,-18.484969149275248,37.22266,3.17966,179.5841
59,14,0.6152,0.3848,CV,12.8406,12.8085,-9.334443580524791,-9.32988782556707,0.75568,-1.95799,223.907
59,8,0.551,0.449,CV,32.3961,32.3101,-26.1031213603465,-25.88576183207151,2.20908,4.01768,115.6956
59,25,0.4783,0.5217,CA,24.5711,24.468,-73.03779564625619,-72.58669612493087,-3.53494,0.91833,35.8892
59,21,0.6203,0.3797,CV,19.6515,19.8976,-21.706804876857607,-21.817805476334087,1.92788,0.1737,43.4315
59,12,0.4042,0.5958,CA,16.0804,14.8858,-10.51156735855384,-10.082109198570498,43.09368,4.35992,217.2248
60,14,0.6071,0.3929,CV,18.6191,18.5861,-19.311860687233818,-19.277352953731217,-0.60527,-2.65876,202.0779
60,8,0.5386,0.4614,CV,16.3726,16.2184,-36.81327514641792,-36.59208490103963,4.17862,2.90085,108.3049
60,21,0.5709,0.4291,CV,14.4019,14.3436,-18.546448570074617,-18.35463216239511,4.24752,0.60281,41.7524
60,17,0.5,0.5,CA,100.6403,100.6445,-151.46897135865814,-150.03889425730583,5.4359,1.52328,45.4465
60,12,0.5348,0.4652,CV,7.9905,7.5836,-10.314627614423289,-10.28784604332864,34.63946,4.0762,243.4302
61,14,0.5937,0.4063,CV,17.8214,17.7097,-26.859941375963068,-26.781558864803134,0.50192,-3.48017,184.7856
61,8,0.5273,0.4727,CV,15.5698,15.4105,-14.415058244018851,-14.16656380631456,6.40723,1.94694,103.075
61,21,0.5246,0.4754,CV,13.7147,13.5307,-19.62536197364721,-19.31930960960248,5.55133,0.87536,44.1099
61,12,0.3996,0.6004,CA,33.2009,32.5203,-22.3990712938751,-21.63981501835574,47.27004,7.05449,252.2694
61,17,0.6269,0.3731,CV,12.1184,12.3679,-11.282530454916087,-11.499200509816285,2.24323,1.03039,42.7293
62,14,0.5992,0.4008,CV,10.8633,10.742,-11.212698327337627,-11.176760253055445,0.05148,-3.24562,174.5135
62,8,0.5268,0.4732,CV,43.8075,44.1559,-106.05643701671009,-105.82230817441717,-6.88754,-2.47348,102.591
62,21,0.604,0.396,CV,13.4856,13.6435,-15.711221716518734,-15.795635675348937,1.59702,1.26072,42.5286
62,12,0.6406,0.3594,CV,28.6793,30.4559,-26.86661710343897,-27.28482611959325,-17.71445,-0.6258,266.8078
62,17,0.6236,0.3764,CV,19.4284,19.5341,-20.577820176386673,-20.59556259247489,-1.20939,0.29146,42.1135
63,14,0.5973,0.4027,CV,25.3163,25.2985,-13.82353515881909,-13.771515837905632,-0.86841,-2.02945,176.9988
63,8,0.4273,0.5727,CA,24.5402,24.1458,-42.23450173194518,-41.600856411955895,-10.77256,-3.99617,104.5235
63,21,0.6016,0.3984,CV,5.2414,5.1551,-11.070919430929294,-11.029966265201267,1.38041,1.37829,40.9776
63,12,0.6189,0.3811,CV,14.8343,14.6757,-12.081156871007902,-12.058646011742956,-13.03708,0.34721,248.458
63,17,0.5826,0.4174,CV,14.8721,14.8154,-14.484346315135296,-14.335678377184216,-2.42151,-0.17926,41.122
63,34,0.7,0.3,CV,10.6576,10.6576,-9.116302195271656,-9.116302195271656,0.0,0.0,37.82
64,14,0.566,0.434,CV,57.1587,57.0114,-32.27083680451321,-32.093006999866205,-0.89635,-1.69942,205.4418
64,8,0.3369,0.6631,CA,27.4854,26.9762,-36.96893126303884,-36.092855360641074,-16.84711,-6.75496,107.7857
64,21,0.5951,0.4049,CV,5.7189,5.617,-11.083172926880739,-11.018732932400622,1.61107,1.50445,39.4431
64,12,0.613,0.387,CV,13.3654,13.2126,-12.370898794660054,-12.355622340153033,-8.91255,1.2919,228.9241
64,17,0.5481,0.4519,CV,14.4123,14.2808,-13.680758736670182,-13.452000468227144,-3.2502,-0.36075,40.6052
64,34,0.6439,0.3561,CV,8.717,8.717,-16.710568722410244,-16.705767213356644,3.00883,-1.63208,49.6804
65,8,0.6062,0.3938,CV,16.7303,17.3282,-26.44424847453508,-26.80400817452024,-4.75559,-4.16699,108.3846
65,21,0.5889,0.4111,CV,6.8579,6.7587,-9.74569875271494,-9.664759387589127,1.83448,1.58401,38.7212
65,12,0.6022,0.3978,CV,12.7615,12.5019,-16.847592415135683,-16.79555450080742,-8.05332,1.50984,217.0926
65,17,0.5214,0.4786,CV,14.8493,14.6743,-14.735744574801,-14.449940127582833,-4.1541,-0.32491,41.4192
65,34,0.6051,0.3949,CV,9.1801,9.0892,-23.41743024093557,-23.33201550404803,7.65695,-4.49276,74.8706
65,14,0.5821,0.4179,CV,34.8325,34.6389,-25.344119656371223,-25.27803925018641,-1.04622,-0.59739,232.6565
66,21,0.5858,0.4142,CV,6.5656,6.4434,-11.898416416792568,-11.814299679430045,1.75571,1.68995,37.7597
66,12,0.5848,0.4152,CV,18.051,17.7913,-29.80734904289183,-29.699172788248703,-8.60085,1.74953,202.5107
66,17,0.4919,0.5081,CA,18.9758,18.7733,-18.188620886205598,-17.823258786383416,-5.34506,-0.18448,45.1871
66,34,0.5567,0.4433,CV,9.2812,8.9107,-29.804271657865165,-29.577019554045194,11.56365,-5.77465,100.7053
66,8,0.5871,0.4129,CV,18.694,18.9127,-46.89190725305602,-46.78736060962464,6.54698,0.42315,102.5835
67,21,0.5902,0.4098,CV,6.1351,6.0365,-8.177250822839707,-8.115476692239872,1.3362,1.7493,36.7308
67,17,0.5442,0.4558,CV,11.6437,11.4816,-9.575893381354845,-9.462349785733977,-4.68827,0.28469,50.0927
67,34,0.5597,0.4403,CV,6.5528,5.9505,-35.43236913845019,-35.288181529287876,12.03051,-5.26959,120.4438
67,12,0.5864,0.4136,CV,10.9838,10.6184,-53.091742215196064,-53.015818968258905,-8.01829,1.67352,198.0631
67,35,0.7,0.3,CV,13.8343,13.8343,-14.591612272771123,-14.591612272771123,0.0,0.0,46.4472
68,21,0.5881,0.4119,CV,6.8554,6.7524,-7.251149840272732,-7.174154155344415,1.55175,1.62392,36.3973
68,17,0.5576,0.4424,CV,11.0074,10.7901,-12.687822526189365,-12.553227190980847,-4.70057,0.55578,52.7278
68,34,0.543,0.457,CV,8.033,7.3675,-38.04908077491642,-37.83330820029267,13.2063,-5.57991,132.3106
68,35,0.6374,0.3626,CV,15.7385,15.7385,-33.95945336447552,-33.92641579297854,6.08556,1.60688,62.0784
69,21,0.5888,0.4112,CV,6.097,5.9789,-6.7681431619805075,-6.697336574876049,1.57251,1.53756,35.8065
69,17,0.5904,0.4096,CV,7.1053,7.0276,-14.752325144681768,-14.732459376920428,-3.2599,0.69599,56.9094
69,34,0.5368,0.4632,CV,8.1686,7.4727,-41.365082499395655,-41.148378479788256,14.10824,-5.53785,138.3027
69,35,0.5977,0.4023,CV,9.7205,9.5476,-40.06577537697378,-39.95879981518187,10.89258,2.99228,94.3218
70,17,0.6074,0.3926,CV,7.8947,7.8914,-11.47198100856598,-11.47519373260473,-1.73597,0.88372,60.5421
70,34,0.5471,0.4529,CV,9.1616,8.713,-52.222978233101706,-52.0568264962519,13.73159,-4.69251,136.6277
70,35,0.2304,0.7696,CA,29.0521,28.5906,-36.80644497747652,-35.15670271138752,31.62836,6.00058,165.5726
70,21,0.6033,0.3967,CV,4.1129,4.0617,-6.3319120048829864,-6.320106541096463,1.00301,1.26513,36.0011
71,17,0.6091,0.3909,CV,15.4228,15.4411,-18.885047719479775,-18.870318807728374,-0.44404,1.332,58.1228
71,34,0.5403,0.4597,CV,8.4474,7.9109,-62.87491809758116,-62.666156439665606,13.90471,-4.67352,131.6344
71,35,0.2471,0.7529,CA,20.2489,18.8982,-37.774556017717074,-36.73770282345949,52.64305,10.3938,229.5805
71,21,0.6018,0.3982,CV,6.8757,6.819,-7.12893988933728,-7.089616001235713,1.24605,1.00215,35.0832
72,17,0.615,0.385,CV,4.8367,4.8362,-8.285801558709245,-8.293571342490832,0.21607,0.91617,59.3838
72,34,0.5638,0.4362,CV,5.179,4.6116,-49.8533782381201,-49.74994057226425,12.51384,-3.81527,125.7776
72,35,0.236,0.764,CA,17.7104,16.0024,-22.185123773830526,-21.06453825413175,76.14197,15.27873,278.9369
73,17,0.613,0.387,CV,6.8474,6.8048,-7.143253222719024,-7.133722226033484,0.64134,0.88642,60.7936
73,34,0.6047,0.3953,CV,2.1959,2.0445,-54.11812864193153,-54.148600283586745,8.30479,-2.4925,116.1782
73,35,0.2825,0.7175,CA,13.7533,11.6309,-24.614704181714202,-23.752340280937272,95.08765,20.29803,310.7625
74,17,0.6063,0.3937,CV,12.5652,12.5418,-10.14256089501482,-10.10772489794293,0.54156,1.03485,56.8291
74,34,0.616,0.384,CV,8.9013,8.9323,-81.26376414847319,-81.28219117492067,4.13074,-1.43768,100.5633
74,35,0.6919,0.3081,CV,12.0237,14.694,-16.892524523304147,-17.706223062874958,30.29444,7.15853,296.423
75,17,0.6075,0.3925,CV,8.9462,8.9324,-14.063835560239978,-14.044142755819607,-0.49942,0.85444,54.6146
75,34,0.6171,0.3829,CV,5.9056,5.8935,-74.64381355767222,-74.65007643386447,1.40714,-0.43671,85.2953
75,35,0.5912,0.4088,CV,9.0581,8.1754,-8.887926478518132,-8.672035632496064,32.11622,6.5359,251.9771
76,17,0.6061,0.3939,CV,10.6716,10.6629,-36.27257015035972,-36.2449877328461,-1.38956,0.4784,54.7735
76,35,0.6619,0.3381,CV,8.2767,9.3052,-19.789872640139276,-20.027222914505245,5.09989,1.55581,215.3501
76,34,0.6181,0.3819,CV,4.6428,4.6631,-48.45470550006475,-48.463806761701605,-0.88141,0.52082,71.9233
77,17,0.6098,0.3902,CV,20.8833,20.9553,-18.03576520595939,-18.025946162323642,0.99622,0.61935,55.3305
77,35,0.6358,0.3642,CV,7.8468,7.9937,-11.43508470826259,-11.45309739894668,-5.65112,-0.64125,183.0968
77,37,0.7,0.3,CV,14.4532,14.4532,-14.817734773919344,-14.817734773919344,0.0,0.0,50.7535
78,17,0.5119,0.4881,CV,33.6197,33.5627,-66.63935122282427,-66.22506322912702,3.47367,1.11778,51.2905
78,35,0.6298,0.3702,CV,4.3097,4.2378,-6.806417227867597,-6.837308514304041,-3.76849,-0.3228,161.0807
78,37,0.6401,0.3599,CV,17.0403,17.0403,-32.3737527964717,-32.35238159216708,-4.46439,-0.86698,69.6484
79,17,0.5939,0.4061,CV,5.4519,5.5787,-8.269224914165362,-8.32984208216888,1.74721,0.67736,49.2581
79,35,0.6238,0.3762,CV,2.7666,2.6112,-8.951709891898098,-8.96615187945961,-3.13028,-0.27508,143.8752
79,37,0.5121,0.4879,CV,29.7578,29.6142,-72.14633315982125,-71.68806401344185,-17.19286,-3.19605,117.5073
80,17,0.6068,0.3932,CV,15.6374,15.7269,-16.06999756025951,-16.065756151967047,-1.41151,0.05883,47.5155
80,35,0.6193,0.3807,CV,13.9817,14.0697,-9.592120647196197,-9.596398224529533,0.91561,0.5324,137.1479
80,37,0.1112,0.8888,CA,110.817,111.1351,-142.26493291030235,-139.86637198647819,10.61749,31.85907,256.0194
81,35,0.6152,0.3848,CV,13.4086,13.3954,-15.440789433924934,-15.433938372822194,-0.48454,0.43084,134.9569
81,37,0.2414,0.7586,CA,68.5048,67.0914,-77.85232158084477,-76.95271882240885,23.90789,53.30527,402.3244
81,17,0.5611,0.4389,CV,17.0846,17.0229,-16.98711818413039,-16.775371481595222,-3.01519,-0.24944,47.531
82,35,0.6131,0.3869,CV,14.3435,14.3057,-16.215772120114202,-16.206337634247653,-0.43158,-0.00464,137.8472
82,37,0.4032,0.5968,CA,21.8467,19.9283,-49.68451688843871,-49.35449088624253,27.556,57.71993,525.2562
82,40,0.7,0.3,CV,10.3534,10.3534,-8.82403290607136,-8.82403290607136,0.0,0.0,96.3939
83,35,0.6158,0.3842,CV,7.2719,7.266,-8.104074410807181,-8.10923628209758,-0.38881,-0.30569,136.9146
83,37,0.5453,0.4547,CV,6.3962,5.7482,-45.95713368660698,-45.97377822448334,23.33874,44.54941,663.5544
83,40,0.6407,0.3593,CV,17.4147,17.4147,-10.70914290194864,-10.690235512173315,3.39527,6.18737,134.8759
84,35,0.6091,0.3909,CV,28.0899,28.1171,-19.461739447388705,-19.43461479088593,1.68235,0.06019,134.9936
84,37,0.6162,0.3838,CV,14.5172,15.2396,-46.97193955916084,-47.07812666023607,12.76946,22.54598,759.578
84,40,0.5438,0.4562,CV,28.0394,27.8663,-24.565492460894276,-24.233766564794823,18.55196,8.5542,226.3931
85,35,0.6025,0.3975,CV,26.105,26.0743,-20.112324765062574,-20.067390327416412,1.80437,1.2063,128.0958
85,37,0.6129,0.3871,CV,39.6048,40.8024,-37.17047917742499,-37.15878492648632,-4.42553,-14.99919,740.5211
85,40,0.5613,0.4387,CV,13.0748,12.4618,-51.91854623208889,-51.79974794081139,22.27565,3.44306,310.6791
86,35,0.5799,0.4201,CV,29.3832,29.3247,-50.8950729989048,-50.76648713019557,1.07088,2.06048,115.3734
86,37,0.5105,0.4895,CV,34.888,34.0321,-29.464499553565673,-29.040008601710312,-10.30815,-28.18088,709.1542
86,40,0.4915,0.5085,CA,21.4655,20.6414,-85.78043179889602,-85.35554671871992,29.38664,-4.23872,385.6892
87,35,0.5837,0.4163,CV,10.798,10.6502,-46.14104216718225,-46.06111255704182,0.68094,1.61452,108.8658
87,37,0.5407,0.4593,CV,16.1412,14.8359,-18.03493463416206,-17.880954382069483,-10.38802,-25.99634,681.7828
87,40,0.2645,0.7355,CA,36.3648,34.9147,-111.03015926171156,-109.71735190815514,55.1345,-0.5173,489.5986
88,35,0.524,0.476,CV,23.7813,23.6848,-23.3546623745813,-23.027254728944474,4.22344,0.69241,100.7307
88,37,0.5916,0.4084,CV,5.5787,4.8187,-13.67087201504819,-13.680562739839417,-7.28856,-18.25118,631.8604
88,40,0.2174,0.7826,CA,37.6369,35.3923,-103.12844939238586,-101.87724067879876,91.98893,3.22879,588.2322
89,35,0.6053,0.3947,CV,8.6267,8.8333,-20.682485328637135,-20.77317716605853,1.49852,-0.91224,95.0957
89,37,0.5962,0.4038,CV,9.482,8.6226,-13.694110197780372,-13.648937610552196,-5.7415,-15.19961,563.7305
89,40,0.2531,0.7469,CA,33.9906,32.0928,-147.59475420826516,-146.6084904551714,120.94215,8.25277,637.7643
90,35,0.6126,0.3874,CV,10.3581,10.4108,-29.985745455601872,-29.98915051576096,-0.71509,-1.5186,88.0006
90,37,0.6295,0.3705,CV,17.0617,17.5795,-14.699053466315819,-14.787298272478475,-2.84277,-5.32459,525.3133
90,40,0.5201,0.4799,CV,13.8678,14.6819,-85.7115087992687,-85.83773401720532,89.53974,10.71731,624.9573
91,35,0.6089,0.3911,CV,8.2195,8.1798,-28.626527998602235,-28.60311530593809,-0.76894,-1.6562,83.4462
91,37,0.62,0.38,CV,12.7222,12.5955,-10.308511093122705,-10.30714340244532,-1.8626,-5.63088,461.1315
91,40,0.6786,0.3214,CV,12.8181,15.5845,-23.900844264808697,-24.31711170280546,8.30056,2.63935,536.934
92,35,0.6064,0.3936,CV,7.5711,7.4913,-11.855816656369559,-11.827559465890392,-0.29245,-1.76122,78.5409
92,37,0.6232,0.3768,CV,6.3271,6.3852,-9.308054223232443,-9.334483006979582,-1.11687,-2.66964,411.7076
92,40,0.2618,0.7382,CA,45.6534,45.5383,-77.5096570542211,-75.90816835866543,73.68656,5.41059,533.662
93,35,0.5943,0.4057,CV,16.811,16.7874,-13.316379132538364,-13.241493960585467,1.23939,-1.72,73.3275
93,37,0.6239,0.3761,CV,4.8073,4.9114,-9.810738189724487,-9.835404778038546,-0.79282,-1.00991,374.0391
93,40,0.5634,0.4366,CV,7.929,10.6678,-23.004582103458482,-23.293139061281373,44.76291,3.22665,524.9404
94,35,0.5952,0.4048,CV,8.6932,8.6014,-12.141833384818476,-12.088380218112473,1.49505,-1.40871,68.1164
94,37,0.6129,0.3871,CV,32.2359,32.2651,-21.133106995294728,-21.10977253783031,-1.15535,0.7038,366.342
94,40,0.6376,0.3624,CV,24.2898,25.0364,-38.48893009400549,-38.659963835337194,10.41047,0.80506,432.3024
95,35,0.5959,0.4041,CV,9.1119,9.031,-15.400233126014921,-15.348432405131417,1.63443,-1.26685,66.0801
95,37,0.6064,0.3936,CV,24.1195,23.977,-21.43605424942405,-21.401958678299344,-1.18626,1.00611,365.1774
96,35,0.5852,0.4148,CV,12.6868,12.586,-24.23469839347041,-24.137742187300358,2.15363,-1.17696,63.8213
96,37,0.6177,0.3823,CV,17.234,17.3763,-15.372303062335416,-15.395563648701486,-0.6874,0.59678,334.3991
97,35,0.6104,0.3896,CV,10.698,10.7592,-11.722764532160962,-11.74627161726626,0.64095,-1.00718,63.4501
97,40,0.5,0.5,CA,54.8309,55.0734,-22.79144713523794,-22.541564405893908,-14.78116,-2.49252,337.0136
98,35,0.6125,0.3875,CV,7.909,7.8938,-21.284887312022832,-21.280005387959363,-0.016,-0.81165,63.496
99,35,0.6132,0.3868,CV,7.0988,7.0741,-63.411245296443624,-63.40628178230588,-0.41977,-0.56479,63.4441
101,35,0.5,0.5,CA,122.3986,122.4215,-245.84440151737454,-243.89680795463272,8.0658,-0.09704,60.1692
101,43,0.7,0.3,CV,15.904,15.904,-25.192171315668666,-25.192171315668666,0.0,0.0,37.8926
101,44,0.7,0.3,CV,28.0342,28.0342,-31.166702914296277,-31.166702914296277,0.0,0.0,21.8503
102,43,0.6092,0.3908,CV,32.6206,32.6206,-50.752724689966925,-50.59944283693764,9.52497,3.16456,55.2154
102,44,0.5528,0.4472,CV,28.1464,28.1464,-49.01147352475936,-48.626426706246534,13.16598,1.42901,33.171
102,35,0.5276,0.4724,CV,10.197,9.8788,-16.931348271849522,-16.739415457947906,7.12303,0.02622,63.8292
102,46,0.7,0.3,CV,18.1372,18.1372,-21.53056071522608,-21.53056071522608,0.0,0.0,24.8519
103,43,0.0542,0.9458,CA,57.4651,57.1803,-108.92484030486462,-105.60507646507037,43.34297,15.46456,131.8651
103,44,0.0072,0.9928,CA,35.4837,35.093,-70.91417766345889,-65.60267529076296,51.94345,7.45923,87.7487
103,46,0.4501,0.5499,CA,33.805,33.805,-89.6777469220735,-88.88025611265451,20.4099,-2.32657,39.0042
103,35,0.546,0.454,CV,17.2904,17.1257,-16.718723001016603,-16.561216065742972,6.3633,0.18419,72.4108
104,44,0.0005,0.9995,CA,31.9908,30.92,-65.70248781366259,-58.53391641356588,118.01873,18.0705,131.2353
104,46,0.0009,0.9991,CA,48.5483,48.0194,-101.79639941997681,-94.54172785690184,71.68433,-18.42156,119.5586
104,35,0.563,0.437,CV,12.4542,12.2022,-10.785452315550614,-10.670484331632716,5.75457,0.57225,79.3355
105,44,0.011,0.989,CA,13.9683,11.6269,-23.605641384368305,-19.514140656817055,146.16562,16.47406,137.2021
105,46,0.0007,0.9993,CA,52.4566,51.0153,-72.61195122228196,-65.68536613343811,149.57924,-14.88867,197.2431
105,35,0.5813,0.4187,CV,8.0806,7.8127,-9.295190735933403,-9.2299371041725,4.96453,0.71397,83.3922
105,47,0.7,0.3,CV,28.7873,28.7873,-88.08337653276384,-88.08337653276384,0.0,0.0,10.2896
106,44,0.0669,0.9331,CA,14.1922,12.8473,-15.633695267102198,-13.388263212247942,158.9108,1.50446,133.7669
106,46,0.0002,0.9998,CA,49.2415,46.4139,-58.56819695349501,-50.386244782414565,218.88216,-3.59633,247.6103
106,35,0.5541,0.4459,CV,23.2351,23.023,-14.607260106952413,-14.404815985345014,5.77896,1.49093,92.1397
107,46,0.0234,0.9766,CA,20.5073,16.6305,-15.183008572192422,-11.858881570041053,240.58723,-3.28087,261.2686
107,35,0.568,0.432,CV,22.0668,21.9251,-17.571952716914367,-17.465424763626356,4.71185,2.50852,97.5819
107,37,0.5,0.5,CA,64.0202,64.02,-15.303296180345232,-15.301658144345945,0.16822,0.83822,284.5878
108,46,0.9745,0.0255,CV,25.4536,29.5409,-26.697805759166016,-30.7133043026715,180.30812,14.7983,231.7319
108,35,0.5378,0.4622,CV,25.073,24.7973,-14.886127166208063,-14.63711775603078,6.1794,3.22895,104.547
108,37,0.5729,0.4271,CV,28.2732,28.2814,-12.479659890511908,-12.471133865914126,1.45471,0.35683,275.5215
108,44,0.5,0.5,CA,49.0354,43.392,-31.273610707347277,-24.833235892931697,388.12154,-7.75189,189.2453
108,49,0.7,0.3,CV,22.5318,22.5318,-18.487389014774617,-18.487389014774617,0.0,0.0,28.5809
109,35,0.5916,0.4084,CV,4.3592,4.3766,-7.253525916688452,-7.267576108578854,3.88994,2.44062,110.6379
109,49,0.5496,0.4504,CV,29.7049,29.7049,-44.57977219716237,-44.181722491927644,10.55061,11.34455,41.4242
109,37,0.5902,0.4098,CV,33.0336,33.0006,-17.74747758376129,-17.704602253854716,3.14169,-0.18338,258.929
109,44,0.0009,0.9991,CA,57.9564,67.5715,-52.13542973228131,-44.8565698522037,-731.51127,17.36907,509.7931
110,35,0.6055,0.3945,CV,20.9451,21.0107,-25.81822851294413,-25.811621684047132,1.06179,1.77142,104.53
110,49,0.033,0.967,CA,28.3518,27.8899,-43.44095479096892,-39.690173631745935,35.33984,36.78167,110.059
110,37,0.5765,0.4235,CV,35.046,34.8972,-25.37309735975706,-25.248475453630178,5.28116,-1.3496,258.9457
110,44,0.9821,0.0179,CV,27.0956,37.073,-23.622056028246817,-28.033230570709332,-533.03139,21.51865,188.2893
110,50,0.7,0.3,CV,13.7776,13.7776,-23.12764572122066,-23.12764572122066,0.0,0.0,10.3475
111,35,0.5865,0.4135,CV,15.0321,14.922,-10.5778015989607,-10.472040099482731,2.84245,2.33646,102.2753
111,49,0.0156,0.9844,CA,29.9369,28.9061,-44.24192063459175,-40.456474007328055,91.46086,59.19539,172.8583
111,37,0.5304,0.4696,CV,72.6456,72.4498,-34.349795104072776,-34.05886559146305,8.00203,-0.18967,294.5286
111,44,0.0746,0.9254,CA,27.5471,28.3552,-24.450950692558276,-20.867418959877195,224.50576,-8.78699,489.7973
111,50,0.6212,0.3788,CV,15.6471,15.6471,-35.52388996347459,-35.421270965461986,3.38946,1.67894,15.3313
111,43,0.5,0.5,CA,77.5186,77.5666,-46.71576829197953,-46.60179154208665,-1.27585,4.37484,143.3978
112,35,0.6113,0.3887,CV,20.0939,20.2059,-14.779399074162532,-14.804656991259222,0.41033,1.83968,109.1248
112,49,0.3876,0.6124,CA,8.1578,8.2077,-20.72461465425503,-20.649775363039005,94.40122,46.04581,164.0765
112,37,0.5281,0.4719,CV,51.1703,50.6555,-18.576380001221708,-18.342949952592683,9.47953,0.00634,329.0618
112,44,0.3727,0.6273,CA,16.0965,15.0146,-15.23460978952157,-15.011583588097716,217.69574,-8.15992,349.8522
112,50,0.3531,0.6469,CA,23.4906,23.3602,-60.00645148198717,-58.92263901294601,11.11722,5.60933,31.0403
112,43,0.5019,0.4981,CV,18.9479,19.0654,-40.27946204709298,-39.984829351629685,9.71833,4.17664,124.5965
112,46,0.5,0.5,CA,98.7076,98.8661,-51.271818717975286,-50.17315483616312,-36.0859,-1.68129,138.6318
113,35,0.6046,0.3954,CV,18.0064,17.9567,-16.20529289700423,-16.165953610545966,-0.85141,1.45519,116.0148
113,37,0.5356,0.4644,CV,47.0649,46.5151,-16.31985904515221,-16.12000258359743,10.6676,0.33895,359.246
113,44,0.6731,0.3269,CV,15.116,17.092,-13.208801007455971,-13.809069958288102,99.30064,-3.05053,288.796
113,50,0.0317,0.9683,CA,33.9088,33.3332,-77.97303919636502,-74.45778645975814,33.00949,15.63458,64.5216
113,43,0.3279,0.6721,CA,20.0009,19.6071,-40.28071867660873,-39.2578906668525,18.40073,3.96477,111.9179
113,46,0.172,0.828,CA,13.9385,12.7658,-22.879750755134445,-21.0059769274032,-57.41312,-3.59661,144.7765
114,35,0.6055,0.3945,CV,12.4397,12.3459,-12.475286546867776,-12.449660653202512,-0.97486,1.61082,116.0083
114,37,0.5348,0.4652,CV,53.9002,53.3076,-16.868348094816223,-16.654118097023296,12.1749,0.77902,410.0866
114,44,0.7088,0.2912,CV,15.3197,16.1539,-15.106756596161429,-15.440245882765412,6.24815,0.71545,197.7298
114,50,0.065,0.935,CA,27.0163,26.1936,-62.26106668158703,-59.95481544466661,57.65481,27.88327,92.6062
114,43,0.2301,0.7699,CA,19.7959,19.085,-30.971481781819836,-29.704837355237938,30.81815,4.96276,107.8935
114,46,0.493,0.507,CA,6.9011,7.1898,-27.734484168366016,-27.866124431686295,-45.78494,-4.10537,114.8778
115,37,0.5666,0.4334,CV,33.9429,33.5042,-12.257452972264307,-12.17331904224063,11.41595,0.94788,426.4509
115,44,0.6674,0.3326,CV,8.1425,8.1262,-8.862522453740642,-8.948525291690348,-4.59556,1.06283,134.9787
115,50,0.0348,0.9652,CA,25.0082,23.5705,-51.07109204864386,-48.06012498955657,89.8813,41.94959,123.6088
115,43,0.2425,0.7575,CA,15.7962,14.9293,-28.876740274512137,-27.815419168100497,44.15014,5.47611,109.5139
115,46,0.6651,0.3349,CV,10.2029,11.2518,-20.99359221591101,-21.38756551092736,0.8,-1.74985,93.8208
115,49,0.5,0.5,CA,48.8883,45.9626,-52.02387162379221,-49.55687781120997,127.11888,54.71867,183.0988
115,35,0.601,0.399,CV,16.8643,16.7567,-19.479004632533503,-19.43303024036465,-1.32864,1.59855,121.4456
116,35,0.5969,0.4031,CV,19.6425,19.5137,-31.52581438838216,-31.46985320111806,-1.69002,1.72698,128.6491
116,44,0.6273,0.3727,CV,7.0358,6.9045,-7.205538131986984,-7.1785060918816495,-9.98584,1.19877,105.0731
116,50,0.114,0.886,CA,13.2063,11.2315,-30.722556896946887,-29.026996450780445,108.16123,50.98231,145.0351
116,43,0.3296,0.6704,CA,8.6921,7.5551,-34.44007145581995,-33.79062980985081,52.00327,5.49447,117.2786
116,46,0.6192,0.3808,CV,6.3756,6.2952,-14.22388717375516,-14.165771611808802,7.13634,-1.22538,74.3715
116,49,0.6671,0.3329,CV,22.983,26.8811,-29.880826675558705,-30.27366685505599,-72.20607,-33.88717,280.6325
116,37,0.5966,0.4034,CV,15.4341,15.2542,-9.874469500276197,-9.86717933375651,8.17964,0.96714,439.8441
117,44,0.4099,0.5901,CA,14.7437,14.365,-22.021472771677413,-21.169225532131218,-24.98946,1.67485,93.4183
117,50,0.4206,0.5794,CA,7.8277,7.8029,-44.877712372917976,-44.79876828884359,98.22629,46.66552,165.1266
117,43,0.1585,0.8415,CA,14.1685,12.5839,-32.309108863409925,-30.578084128465846,81.12789,8.09612,143.3688
117,46,0.5507,0.4493,CV,6.7767,6.5074,-18.219830267531,-17.94788252676866,11.94256,-0.7946,62.8378
117,49,0.529,0.471,CV,9.1226,7.1928,-18.74008553266919,-18.309097195591306,-68.67415,-31.56297,256.6959
117,47,0.5,0.5,CA,44.0091,44.0091,-72.64908460667863,-72.60247701571735,-0.81123,-0.05367,24.4528
118,44,0.1802,0.8198,CA,18.0985,17.1941,-48.290230169800296,-46.600915214477766,-46.17089,2.54172,96.5744
118,50,0.5834,0.4166,CV,7.0606,7.4713,-37.236739607958405,-37.38395540829634,60.33905,27.60525,174.2717
118,43,0.4274,0.5726,CA,8.0936,7.8098,-18.838477342240942,-18.724666126049932,75.14848,5.30392,153.6186
118,46,0.585,0.415,CV,3.7048,3.5101,-25.091925979900402,-25.059660644167725,9.04857,-0.95716,55.5963
118,49,0.5915,0.4085,CV,11.3415,10.9967,-26.091747131617705,-26.117817001928692,-47.30849,-20.29144,242.7857
118,47,0.5717,0.4283,CV,25.2761,25.3085,-102.45464035647973,-102.44111730672581,0.35241,0.28223,24.1234
118,35,0.5,0.5,CA,43.1193,42.9983,-55.7569205167486,-55.64460336302087,-2.51524,1.96765,161.8462
119,50,0.6934,0.3066,CV,5.8301,7.2995,-42.83452397060384,-43.227880450056624,4.09834,0.30751,132.9185
119,43,0.6621,0.3379,CV,9.6471,11.1151,-9.266693117608563,-9.740248889048505,24.02785,0.19954,157.4051
119,46,0.5966,0.4034,CV,3.5443,3.3737,-23.997003904131564,-23.962911546995002,6.96246,-1.03919,49.125
119,49,0.6438,0.3562,CV,11.2192,11.5291,-33.05704257069121,-33.21406115624505,-19.42084,-6.86165,208.0962
119,47,0.5317,0.4683,CV,40.4342,40.4017,-176.57065465337328,-176.2917955064957,1.52282,0.64095,27.8469
119,35,0.5478,0.4522,CV,37.7364,37.5514,-47.56363055302179,-47.45332673570984,-3.86337,2.0844,166.8223
119,53,0.7,0.3,CV,19.3856,19.3856,-25.63589617915037,-25.63589617915037,0.0,0.0,17.6285
120,50,0.6376,0.3624,CV,5.7667,5.6786,-66.85750984878345,-66.83526370504912,-4.62815,-3.81017,92.6821
120,43,0.0012,0.9988,CA,45.9204,46.6277,-63.06633878981022,-55.82934684404287,-113.2895,-6.51675,160.4488
120,46,0.6223,0.3777,CV,6.9743,7.1112,-7.7915627139950425,-7.8486218004328006,0.77474,-1.05745,44.4301
120,49,0.6271,0.3729,CV,13.0126,12.9103,-38.673959180019835,-38.68148807046094,-12.29027,-3.3866,178.4434
120,47,0.4789,0.5211,CA,42.0215,41.9182,-235.40191986559293,-234.96956710118127,2.67705,1.16874,30.384
120,53,0.5324,0.4676,CV,26.391,26.391,-54.411290906009555,-53.944067637357676,12.62537,3.89244,26.7591
120,35,0.5613,0.4387,CV,36.1671,35.9379,-42.72823172125115,-42.603460089051204,-4.96985,2.22943,176.8127
121,50,0.597,0.403,CV,6.1372,5.982,-41.29285357971533,-41.1830199614541,-8.04954,-5.74392,72.95
121,43,0.2166,0.7834,CA,9.0048,7.7234,-11.621800433428238,-10.739977608351987,-125.25565,-9.99689,122.8774
121,46,0.4889,0.5111,CA,13.9424,13.9434,-43.43118689948169,-42.906683176666135,-6.92155,-0.69117,40.0953
121,49,0.619,0.381,CV,11.9747,11.8859,-33.69852348606138,-33.696515433302174,-7.43869,-1.17674,154.4008
121,47,0.3383,0.6617,CA,58.9057,58.7455,-161.14593280427522,-160.2028297739451,5.54346,2.29076,34.3517
121,53,0.0065,0.9935,CA,33.4705,33.0674,-73.52300608396035,-68.14637332598498,47.27488,14.58648,74.8387
122,50,0.2889,0.7111,CA,12.2037,11.8017,-18.034330866548615,-16.690696512699034,-20.61946,-11.69381,65.2359
122,43,0.6966,0.3034,CV,8.3641,10.3129,-9.639330410424021,-10.567341289519943,-64.90636,-8.77004,113.6692
122,46,0.1216,0.8784,CA,20.8101,20.4518,-114.80126160435161,-112.53723187948245,-17.62209,-0.96978,40.7123
122,49,0.6084,0.3916,CV,11.6321,11.5018,-29.941830050626386,-29.907062347022055,-6.24113,-0.64177,135.6385
122,53,0.0213,0.9787,CA,23.4572,22.4467,-33.40409123721098,-29.974719537260462,84.18931,28.3232,118.1914
122,54,0.7,0.3,CV,16.1578,16.1578,-19.984306950235464,-19.984306950235464,0.0,0.0,21.174
122,55,0.7,0.3,CV,16.6046,16.6046,-53.64312383293586,-53.64312383293586,0.0,0.0,16.6443
123,50,0.1134,0.8866,CA,13.3874,12.4844,-18.102736419242476,-16.041904620369582,-40.57282,-22.47884,64.3342
123,43,0.5087,0.4913,CV,7.9649,7.1164,-8.83739287548929,-8.280284197699341,-53.66338,-8.7177,107.9613
123,53,0.0267,0.9733,CA,17.8271,16.0674,-22.71784764375504,-19.496200851541655,116.38582,38.34759,140.7289
123,54,0.5771,0.4229,CV,24.3401,24.3401,-37.54488358888325,-37.258452927554096,11.06699,-0.26664,29.3501
123,55,0.5415,0.4585,CV,25.2784,25.2784,-135.58593838435237,-135.15519487079902,12.04203,1.86567,24.359
123,44,0.5,0.5,CA,66.571,67.5789,-18.60843349129215,-17.995250991718155,32.4748,-1.11103,78.5186
123,56,0.7,0.3,CV,14.8536,14.8536,-17.868180791592117,-17.868180791592117,0.0,0.0,27.6576
124,43,0.6353,0.3647,CV,3.9118,4.3325,-14.023986625283532,-14.26442551637151,-26.3074,-5.42423,91.5998
124,53,0.7533,0.2467,CV,5.9194,8.3007,-10.0950802041245,-11.578223540073381,95.10927,26.97623,113.563
124,54,0.0483,0.9517,CA,27.716,27.3976,-49.94634795025296,-46.55093031432959,38.54267,-0.28735,76.6405
124,55,0.0014,0.9986,CA,33.5585,33.194,-173.46827296014297,-166.56729006529116,52.30088,4.78911,66.5582
124,56,0.5849,0.4151,CV,29.8657,29.8657,-42.749685856572086,-42.49557258202402,10.54981,5.25063,40.3971
124,44,0.4702,0.5298,CA,17.9398,19.0233,-35.47806988221492,-35.056385945413034,-33.1271,0.86745,86.6059
125,53,0.7621,0.2379,CV,5.9062,7.1076,-7.505846633966122,-7.990377389130453,5.13052,-1.9228,115.0265
125,54,0.0681,0.9319,CA,23.6979,22.7464,-28.875015518429585,-26.594555852397967,76.37813,1.62631,127.6259
125,55,0.0005,0.9995,CA,31.6525,30.6065,-108.79019081993748,-101.51221814369715,107.70926,4.51805,105.7331
125,56,0.1396,0.8604,CA,31.1753,30.8282,-52.383167178009934,-50.139606569373136,31.34426,17.38448,95.9604
125,44,0.3673,0.6327,CA,10.8905,10.179,-21.825362768121792,-21.021911917924662,-41.84469,0.14216,84.8796
125,58,0.7,0.3,CV,37.4084,37.4084,-47.73757078499489,-47.73757078499489,0.0,0.0,23.8134
125,59,0.7,0.3,CV,46.6965,46.6965,-32.37146737526098,-32.37146737526098,0.0,0.0,61.6592
126,53,0.6365,0.3635,CV,7.9855,7.8704,-9.136736271775614,-9.003692580416853,13.02187,0.16049,89.7088
126,54,0.1093,0.8907,CA,15.3493,13.5718,-24.237734524908866,-22.446615803201773,103.67035,0.97092,168.2586
126,55,0.0097,0.9903,CA,18.753,16.6723,-55.16360326774407,-50.93952231038548,135.4093,-0.79031,127.1267
126,56,0.0217,0.9783,CA,36.1771,35.0523,-79.58809984350309,-75.9833060601245,88.23253,43.19838,170.4668
126,44,0.5803,0.4197,CV,12.5235,12.9224,-17.281361477581623,-17.490895510849263,-19.48877,-1.91184,80.3194
126,58,0.462,0.538,CA,41.61,41.61,-87.63762694401323,-86.888097208992,18.87982,3.05116,38.277
126,59,0.5517,0.4483,CV,55.8315,55.8315,-60.04679842802494,-59.657160387399855,20.79442,5.94421,93.4879
126,60,0.7,0.3,CV,23.3091,23.3091,-23.232712069602513,-23.232712069602513,0.0,0.0,29.9752
127,53,0.5093,0.4907,CV,11.1727,11.5707,-13.621130705738022,-13.156748132465928,-16.30835,-6.44387,76.7591
127,54,0.0357,0.9643,CA,23.3781,20.8043,-38.893229010733656,-35.84454495136854,164.61617,-0.10874,223.7471
127,55,0.2862,0.7138,CA,6.2549,5.1222,-50.72044071352808,-50.197987508143676,136.51357,-7.14279,125.1382
127,56,0.0181,0.9819,CA,25.3546,23.4732,-60.556986546290666,-56.935040663000954,134.07777,54.09291,217.7723
127,44,0.5567,0.4433,CV,16.7564,16.6906,-20.37728762318782,-20.186639756292035,-11.6896,-2.73921,76.94
127,58,0.0006,0.9994,CA,50.4068,49.8031,-107.92509750535123,-100.23995079991796,75.22614,13.89077,110.4414
127,59,0.0162,0.9838,CA,72.0126,71.3461,-82.56426786039856,-78.07944732296534,75.66894,25.66791,252.0265
127,46,0.5,0.5,CA,45.5021,45.8426,-38.644531608611736,-37.98854602663666,11.61348,-1.40037,39.4915
127,61,0.7,0.3,CV,13.0905,13.0905,-11.262801616177562,-11.262801616177562,0.0,0.0,106.3269
128,53,0.2927,0.7073,CA,11.4861,10.8951,-39.574162644052926,-38.37629773016638,-28.8341,-9.76049,70.8535
128,54,0.3724,0.6276,CA,6.4163,5.5558,-7.818038466761644,-7.649683104826626,160.76356,-4.63812,229.4275
128,55,0.7121,0.2879,CV,5.6357,8.3061,-37.98177574629947,-38.886596592522096,67.28986,-8.25662,167.0607
128,56,0.16,0.84,CA,12.7754,10.4078,-81.9659166484524,-80.68701686893107,150.93996,52.04362,228.2451
128,44,0.5144,0.4856,CV,17.7609,17.5905,-19.198459601011308,-18.87213532978471,-11.2536,-3.87555,70.7422
128,58,0.0036,0.9964,CA,36.8073,35.2657,-79.69928928004722,-74.46938722555788,130.17992,26.4169,181.9919
128,59,0.0091,0.9909,CA,66.6271,64.8994,-63.287017514340405,-58.97640109868648,162.1988,60.34836,423.7562
128,61,0.6429,0.3571,CV,15.8099,15.8099,-14.13833174215544,-14.129080507251738,5.96309,2.83882,140.093
128,46,0.6231,0.3769,CV,12.2475,12.617,-17.475553161344365,-17.675967734547847,0.3001,-1.2906,39.8556
128,50,0.5,0.5,CA,75.506,76.3668,-62.32266695814918,-60.64002472902362,36.52948,15.77699,61.0713
128,63,0.7,0.3,CV,31.9302,31.9302,-26.29492034676037,-26.29492034676037,0.0,0.0,39.1809
128,64,0.7,0.3,CV,17.9149,17.9149,-39.059608308863424,-39.059608308863424,0.0,0.0,32.6487
129,54,0.1916,0.8084,CA,16.9077,13.8036,-12.665879068813286,-11.104862818949194,186.87513,-9.96212,364.9295
129,55,0.7284,0.2716,CV,5.2548,6.5861,-22.692416655863727,-23.063031985014877,3.08837,-2.42967,140.7475
129,56,0.3207,0.6793,CA,8.4064,5.9826,-104.48318750727513,-103.90890526214918,151.21871,47.59482,292.5612
129,58,0.1487,0.8513,CA,13.0501,10.9529,-101.49267992599918,-100.14804584311098,143.79235,32.98567,211.804
129,59,0.0242,0.9758,CA,38.8442,35.3309,-31.49251309941742,-28.187485777618214,215.86014,85.00999,543.5167
129,61,0.1171,0.8829,CA,64.3107,64.1413,-98.62124499943486,-96.08991590987529,60.50463,5.56608,316.0771
129,63,0.5722,0.4278,CV,48.7709,48.7709,-61.72112281669165,-61.41488225621092,13.80138,4.74638,55.6613
129,64,0.609,0.391,CV,20.5674,20.5674,-109.67397412622395,-109.51975660207042,10.4753,2.18713,45.9525
129,46,0.4858,0.5142,CA,15.3014,15.2823,-19.4605266714619,-18.92248359580859,-7.91184,-0.9142,39.5815
129,50,0.4698,0.5302,CA,17.9395,19.2745,-43.30172755259527,-42.87830056987426,-34.86884,-18.46972,81.3879
129,65,0.7,0.3,CV,32.6697,32.6697,-36.42052141264582,-36.42052141264582,0.0,0.0,28.5209
130,54,0.8143,0.1857,CV,21.7233,26.7121,-23.013772154437287,-24.623700314987353,-34.80228,-2.79846,261.3273
130,55,0.6697,0.3303,CV,4.0312,4.0159,-15.415876863297248,-15.481988418322398,-4.88085,-0.92803,110.688
130,56,0.5636,0.4364,CV,5.9037,6.6594,-96.19878211734544,-96.40574720792347,103.98037,28.46783,300.6557
130,58,0.008,0.992,CA,39.007,35.3222,-63.675237680701755,-59.04942941070573,263.38567,60.11131,354.4681
130,59,0.5142,0.4858,CV,6.588,9.3115,-47.756648520799835,-48.183701630940206,198.36876,83.26378,521.1592
130,63,0.0472,0.9528,CA,57.6892,57.2527,-83.29301826137298,-79.88174226768045,47.51739,17.82571,141.0646
130,64,0.0663,0.9337,CA,34.6959,34.3938,-134.45747612931868,-131.3515682150756,43.16648,4.87523,115.9668
130,46,0.5154,0.4846,CV,9.3934,9.1545,-9.922863536945377,-9.70234699048194,-7.97702,-0.97307,43.1043
130,65,0.6164,0.3836,CV,43.7605,43.7605,-62.39103550692735,-62.267992970950914,5.42406,3.9223,41.8539
130,50,0.1733,0.8267,CA,13.4092,12.2867,-39.802427838823284,-37.980575340927054,-57.57306,-29.79482,97.2346
130,66,0.7,0.3,CV,17.2877,17.2877,-20.329906230035206,-20.329906230035206,0.0,0.0,44.2816
131,54,0.6666,0.3334,CV,9.1432,8.9307,-44.92111107195986,-44.83691716437323,-18.74397,-1.42294,164.9732
131,55,0.6144,0.3856,CV,7.331,7.1982,-14.087793092618561,-14.002348664973706,-9.50244,-0.22543,91.0188
131,56,0.5156,0.4844,CV,19.2355,22.1348,-31.516483258706344,-31.184797637657404,-76.74654,-24.849,263.9123
131,58,0.0642,0.9358,CA,23.0621,19.6994,-91.92138802962975,-89.63638792719017,301.71134,74.21164,342.6157
131,59,0.2842,0.7158,CA,16.9774,10.9507,-22.483569965221776,-21.237427944938467,209.31565,89.93496,871.9635
131,63,0.0301,0.9699,CA,54.8142,53.5482,-69.00102865532689,-65.86587123794743,108.83785,42.45084,249.2459
131,64,0.031,0.969,CA,35.8564,34.7111,-151.7448931515665,-148.6113152314947,105.41935,12.94487,189.8809
131,46,0.4832,0.5168,CA,17.1183,16.8526,-28.695051974461848,-28.303588441361875,-9.69875,-1.1614,49.4687
131,65,0.4084,0.5916,CA,39.532,39.3435,-75.50129388222489,-74.65937141798732,14.17214,11.53029,69.0056
131,50,0.5571,0.4429,CV,9.6284,10.4375,-23.880853851987883,-24.267829385796087,-36.54178,-19.91036,94.591
131,66,0.6221,0.3779,CV,24.3669,24.3669,-42.87889394066289,-42.78004081746271,8.74682,3.87474,61.5848
131,44,0.5,0.5,CA,37.4003,37.3518,-40.11399847630008,-39.514320212688695,-3.31424,-5.12115,58.1261
131,68,0.7,0.3,CV,24.0925,24.0925,-15.285549368021499,-15.285549368021499,0.0,0.0,85.8256
132,54,0.6432,0.3568,CV,4.0358,3.8629,-29.466429399798287,-29.509269098904877,-11.95303,-0.32848,124.1536
132,55,0.4135,0.5865,CA,14.0648,13.7164,-13.161526545518905,-12.343322811385992,-18.9386,0.69428,81.3291
132,56,0.3086,0.6914,CA,10.9244,8.4373,-13.053011150824549,-11.921761104261398,-101.38969,-32.66544,250.0835
132,58,0.9997,0.0003,CV,45.3518,52.2616,-83.07275567459446,-91.54450886320915,-5.32657,1.7338,304.7095
132,59,0.2335,0.7665,CA,31.3816,28.9136,-49.72742658629101,-48.540858490393035,229.09642,100.76362,779.7642
132,63,0.0221,0.9779,CA,36.929,34.5149,-32.98599855154255,-29.55951926846172,160.55094,67.98857,336.0698
132,64,0.0123,0.9877,CA,25.1359,22.884,-133.66955791459856,-129.6406223125854,159.42451,19.94979,227.3032
132,65,0.0716,0.9284,CA,36.5408,35.9471,-90.99073010054778,-88.25560488828769,30.08234,28.49847,127.9049
132,50,0.6559,0.3441,CV,8.2506,8.8791,-23.121378137797873,-23.38177979627138,-10.07383,-6.66011,84.0274
132,66,0.1942,0.8058,CA,37.4598,37.1955,-75.17428422717842,-73.27165130655717,34.50474,14.23301,134.0817
132,68,0.4331,0.5669,CA,79.4838,79.4838,-99.38850735823358,-98.5221176388411,35.73143,8.40333,124.0864
132,44,0.475,0.525,CA,13.1233,12.8773,-14.19018618755781,-13.787906294899773,-3.72194,-6.18234,55.1237
133,54,0.6347,0.3653,CV,4.8254,4.7464,-13.996055284004777,-14.037315395679562,-8.61989,0.40082,100.1262
133,55,0.3403,0.6597,CA,9.461,8.6187,-40.2693868064125,-39.42807316056476,-27.34062,1.38479,81.9832
133,58,0.7496,0.2504,CV,23.1822,23.1845,-42.07513618556132,-42.073293763067625,-0.0807,-0.01959,192.7856
133,59,0.6368,0.3632,CV,49.401,56.0105,-35.38961758077883,-36.0241750196936,-237.60617,-98.0816,525.7475
133,63,0.1742,0.8258,CA,12.7575,9.2737,-14.107761138686126,-12.924606994733915,176.29401,77.05562,365.1408
133,64,0.3186,0.6814,CA,5.908,4.4423,-67.27345762886195,-66.90082016324975,160.99095,17.14061,209.6256
133,50,0.6313,0.3687,CV,9.2945,9.4406,-22.222700584179023,-22.230065206550396,3.67009,0.46904,69.6164
133,66,0.0545,0.9455,CA,34.3887,33.0415,-68.62065644774975,-65.89527309179311,84.69036,34.74226,245.8081
133,68,0.0227,0.9773,CA,39.8595,38.766,-41.21531633015255,-37.245131100252486,101.90698,24.68387,345.8762
133,44,0.4471,0.5529,CA,13.0245,12.7253,-21.31666977665013,-20.837597286325803,-4.7332,-8.11376,55.49
133,53,0.5,0.5,CA,107.6347,108.0516,-124.79235550367292,-122.05349719658996,30.79361,4.44292,57.114
